time,open,high,low,close,tick_volume,spread,real_volume
1776753060,4777.921,4781.134,4777.146,4781.022,158,280,0
1776753120,4780.802,4782.088,4779.851,4781.981,156,280,0
1776753180,4781.958,4782.377,4779.723,4779.873,152,280,0
1776753240,4779.892,4781.251,4778.359,4778.681,148,280,0
1776753300,4778.544,4779.71,4777.504,4778.81,163,280,0
1776753360,4778.757,4779.245,4777.168,4778.527,148,280,0
1776753420,4778.186,4778.437,4776.018,4777.335,172,280,0
1776753480,4777.373,4778.252,4777.119,4777.754,117,280,0
1776753540,4777.716,4780.133,4777.716,4778.497,198,280,0
1776753600,4778.434,4778.434,4776.669,4777.838,134,280,0
1776753660,4777.774,4778.373,4777.464,4778.146,131,280,0
1776753720,4778.144,4780.18,4778.023,4778.842,158,280,0
1776753780,4779.108,4779.108,4778.08,4778.614,88,280,0
1776753840,4778.566,4781.068,4778.56,4780.322,186,280,0
1776753900,4780.305,4781.615,4779.609,4781.306,140,280,0
1776753960,4781.168,4782.951,4780.966,4782.444,134,280,0
1776754020,4782.713,4783.327,4779.946,4779.946,167,308,0
1776754080,4780.024,4780.808,4776.747,4777.422,199,280,0
1776754140,4777.384,4779.019,4776.531,4777.901,238,308,0
1776754200,4777.826,4778.65,4776.234,4778.24,244,280,0
1776754260,4778.056,4778.485,4775.258,4775.335,205,280,0
1776754320,4775.276,4776.231,4774.419,4775.719,231,280,0
1776754380,4775.786,4777.894,4775.713,4777.007,204,280,0
1776754440,4776.947,4777.739,4776.517,4776.638,140,280,0
1776754500,4776.348,4778.544,4776.11,4778.413,164,280,0
1776754560,4778.445,4779.164,4778.293,4778.858,131,280,0
1776754620,4778.887,4779.605,4778.203,4779.197,120,280,0
1776754680,4778.976,4779.874,4778.106,4778.364,132,280,0
1776754740,4778.287,4779.123,4778.122,4778.934,174,280,0
1776754800,4778.84,4778.84,4776.722,4778.345,288,280,0
1776754860,4778.544,4779.55,4778.135,4778.577,173,280,0
1776754920,4778.591,4778.591,4772.668,4774.561,358,280,0
1776754980,4774.622,4776.2,4773.762,4774.842,249,280,0
1776755040,4774.78,4776.052,4774.14,4774.782,272,280,0
1776755100,4774.844,4777.375,4774.509,4777.246,190,280,0
1776755160,4777.187,4779.68,4777.187,4779.014,198,280,0
1776755220,4779.076,4779.291,4777.776,4778.557,147,280,0
1776755280,4778.489,4779.264,4777.911,4779.089,118,280,0
1776755340,4779.227,4781.282,4778.351,4781.238,149,280,0
1776755400,4781.147,4784.994,4780.371,4783.513,280,280,0
1776755460,4783.496,4785.005,4783.191,4783.918,155,280,0
1776755520,4783.857,4785.061,4783.857,4784.926,144,280,0
1776755580,4784.988,4785.795,4783.959,4784.364,133,280,0
1776755640,4784.303,4784.466,4782.157,4782.769,154,280,0
1776755700,4782.875,4787.449,4782.846,4787.005,202,280,0
1776755760,4786.983,4787.317,4784.883,4785.293,199,280,0
1776755820,4785.343,4785.567,4783.943,4785.501,155,308,0
1776755880,4785.444,4786.522,4783.738,4784.124,172,280,0
1776755940,4784.04,4784.765,4783.652,4784.405,119,280,0
1776756000,4784.093,4784.34,4783.216,4784.06,120,280,0
1776756060,4783.69,4784.476,4780.638,4781.382,204,280,0
1776756120,4781.412,4782.353,4780.281,4781.65,128,280,0
1776756180,4781.946,4782.179,4780.342,4781.402,119,280,0
1776756240,4781.61,4783.908,4781.526,4783.552,109,280,0
1776756300,4783.609,4784.202,4783.001,4783.874,136,280,0
1776756360,4784.074,4785.514,4783.738,4785.232,149,280,0
1776756420,4785.068,4785.48,4784.147,4784.493,140,280,0
1776756480,4784.434,4784.729,4782.328,4782.848,126,280,0
1776756540,4782.878,4783.685,4782.325,4783.449,132,280,0
1776756600,4783.432,4784.697,4783.205,4783.24,131,280,0
1776756660,4782.898,4783.021,4781.936,4782.558,115,280,0
1776756720,4782.619,4783.004,4781.227,4781.738,106,280,0
1776756780,4781.741,4782.463,4781.342,4782.296,132,280,0
1776756840,4782.354,4782.712,4781.656,4781.718,121,280,0
1776756900,4781.745,4782.816,4781.546,4782.816,105,280,0
1776756960,4782.649,4784.458,4782.382,4784.257,111,280,0
1776757020,4783.972,4784.216,4783.09,4783.381,116,280,0
1776757080,4783.322,4783.322,4781.996,4782.978,90,280,0
1776757140,4782.693,4783.434,4781.897,4781.958,106,280,0
1776757200,4781.946,4782.681,4781.059,4781.701,99,280,0
1776757260,4781.666,4782.437,4780.716,4782.176,96,280,0
1776757320,4782.285,4784.706,4781.828,4784.424,130,280,0
1776757380,4784.572,4786.072,4784.268,4785.78,118,280,0
1776757440,4785.793,4787.063,4785.793,4786.536,115,280,0
1776757500,4786.477,4788.284,4786.073,4787.858,130,280,0
1776757560,4787.752,4788.867,4787.73,4788.336,87,280,0
1776757620,4788.401,4789.15,4787.951,4788.864,111,280,0
1776757680,4788.86,4790.256,4788.583,4788.583,117,280,0
1776757740,4788.563,4790.786,4788.093,4790.25,136,280,0
1776757800,4790.424,4792.562,4790.424,4791.6,169,280,0
1776757860,4791.681,4791.853,4790.815,4791.185,139,280,0
1776757920,4791.217,4791.535,4789.332,4789.332,169,280,0
1776757980,4789.618,4789.781,4788.489,4789.16,148,280,0
1776758040,4789.309,4789.311,4787.938,4788.769,121,280,0
1776758100,4788.585,4789.582,4788.259,4789.194,119,280,0
1776758160,4789.053,4789.861,4787.916,4788.512,120,280,0
1776758220,4788.574,4788.866,4785.92,4786.194,155,280,0
1776758280,4786.137,4786.204,4784.934,4785.512,145,280,0
1776758340,4785.491,4786.069,4784.52,4786.069,154,280,0
1776758400,4786.134,4786.513,4784.65,4785.031,161,280,0
1776758460,4784.972,4786.526,4784.609,4786.326,174,280,0
1776758520,4786.307,4786.676,4785.213,4785.213,123,280,0
1776758580,4785.221,4787.503,4785.096,4786.624,148,280,0
1776758640,4786.682,4786.755,4784.329,4785.623,140,280,0
1776758700,4785.452,4786.055,4783.616,4784.721,181,280,0
1776758760,4784.53,4785.611,4779.08,4780.549,264,280,0
1776758820,4780.49,4782.397,4778.101,4778.898,378,280,0
1776758880,4779.026,4780.415,4778.198,4779.891,261,280,0
1776758940,4779.833,4781.579,4779.661,4780.303,193,280,0
1776759000,4780.47,4781.5,4779.572,4780.841,193,280,0
1776759060,4780.75,4781.534,4775.9,4775.9,224,280,0
1776759120,4775.943,4777.841,4775.824,4776.525,197,280,0
1776759180,4776.47,4776.806,4774.536,4775.594,304,280,0
1776759240,4775.619,4776.294,4774.98,4776.051,184,280,0
1776759300,4776.034,4778.026,4775.335,4777.714,178,280,0
1776759360,4777.595,4778.6,4777.322,4778.545,134,280,0
1776759420,4778.426,4779.79,4777.976,4779.486,131,280,0
1776759480,4779.485,4780.99,4779.485,4780.705,120,280,0
1776759540,4780.634,4783.7,4780.26,4782.993,142,280,0
1776759600,4783.022,4785.988,4782.711,4785.694,150,280,0
1776759660,4785.648,4788.914,4785.648,4788.585,171,280,0
1776759720,4788.526,4789.023,4787.162,4787.162,156,280,0
1776759780,4787.241,4788.519,4786.919,4788.351,127,280,0
1776759840,4788.28,4788.28,4785.942,4786.752,139,280,0
1776759900,4786.798,4787.545,4784.881,4785.953,155,280,0
1776759960,4785.659,4786.084,4784.583,4784.814,145,280,0
1776760020,4785.144,4785.902,4784.395,4785.428,133,280,0
1776760080,4785.369,4787.239,4785.319,4786.905,126,280,0
1776760140,4786.888,4788.362,4786.839,4787.181,168,280,0
1776760200,4787.123,4787.123,4785.422,4785.938,156,280,0
1776760260,4785.996,4787.054,4784.847,4786.216,178,280,0
1776760320,4786.563,4787.301,4785.012,4785.012,177,280,0
1776760380,4785.049,4786.626,4784.924,4786.49,143,280,0
1776760440,4786.506,4789.164,4786.257,4787.876,148,280,0
1776760500,4787.815,4788.411,4786.212,4786.707,134,280,0
1776760560,4786.773,4787.063,4785.907,4786.494,126,280,0
1776760620,4786.478,4788.096,4786.31,4787.74,125,280,0
1776760680,4787.806,4788.026,4787.007,4787.604,94,280,0
1776760740,4787.662,4788.632,4787.241,4788.272,104,280,0
1776760800,4788.26,4788.458,4786.681,4787.59,125,280,0
1776760860,4787.892,4789.472,4787.25,4789.439,119,280,0
1776760920,4789.556,4790.765,4788.942,4790.161,109,280,0
1776760980,4790.172,4792.735,4789.994,4790.805,234,280,0
1776761040,4790.611,4791.833,4790.38,4791.486,148,280,0
1776761100,4791.546,4792.577,4790.591,4791.613,170,280,0
1776761160,4791.626,4791.626,4790.346,4790.363,107,280,0
1776761220,4790.661,4791.243,4789.964,4790.554,102,280,0
1776761280,4790.495,4790.971,4790.088,4790.508,107,280,0
1776761340,4790.425,4791.04,4789.672,4789.768,84,280,0
1776761400,4789.489,4790.027,4789.349,4789.48,89,280,0
1776761460,4789.567,4789.682,4788.056,4788.538,104,280,0
1776761520,4788.409,4788.473,4786.384,4786.996,116,280,0
1776761580,4786.986,4787.154,4786.731,4786.804,73,308,0
1776761640,4786.844,4788.627,4786.467,4788.294,94,280,0
1776761700,4788.257,4788.656,4787.169,4787.378,87,280,0
1776761760,4787.307,4787.743,4786.928,4787.496,90,280,0
1776761820,4787.512,4787.622,4786.515,4786.82,91,280,0
1776761880,4787.054,4787.548,4786.808,4786.899,80,280,0
1776761940,4786.862,4787.313,4786.048,4786.236,81,280,0
1776762000,4786.17,4786.357,4785.333,4785.397,74,280,0
1776762060,4785.385,4785.385,4783.697,4783.764,88,280,0
1776762120,4783.841,4785.684,4783.841,4784.397,99,280,0
1776762180,4784.32,4785.043,4781.378,4782.218,244,280,0
1776762240,4782.337,4785.525,4781.999,4785.133,161,280,0
1776762300,4785.139,4786.08,4784.61,4785.857,131,280,0
1776762360,4786.136,4786.816,4785.663,4786.599,104,280,0
1776762420,4786.821,4786.875,4784.641,4785.26,129,280,0
1776762480,4784.99,4785.897,4783.902,4785.619,117,280,0
1776762540,4785.712,4786.368,4785.646,4785.814,92,280,0
1776762600,4786.066,4786.894,4785.278,4786.3,105,280,0
1776762660,4786.24,4786.278,4785.307,4785.49,104,280,0
1776762720,4785.712,4786.319,4785.319,4785.777,104,280,0
1776762780,4785.769,4786.132,4784.346,4785.254,112,280,0
1776762840,4785.341,4786.05,4784.145,4784.347,102,280,0
1776762900,4784.312,4785.574,4783.691,4785.129,96,280,0
1776762960,4784.833,4785.274,4784.531,4785.201,95,280,0
1776763020,4785.313,4785.686,4783.522,4785.639,130,280,0
1776763080,4785.818,4787.318,4785.665,4787.015,111,280,0
1776763140,4787.327,4787.421,4785.72,4786.831,98,280,0
1776763200,4787.172,4787.897,4786.805,4787.466,119,280,0
1776763260,4787.406,4787.406,4785.003,4785.282,117,280,0
1776763320,4785.255,4785.994,4784.602,4785.832,94,280,0
1776763380,4785.817,4786.798,4785.672,4785.877,100,280,0
1776763440,4786.152,4786.563,4785.441,4785.441,76,280,0
1776763500,4785.538,4786.334,4784.784,4784.784,94,280,0
1776763560,4784.784,4785.402,4783.167,4783.702,117,280,0
1776763620,4783.713,4784.003,4781.559,4781.886,136,280,0
1776763680,4782.014,4782.672,4781.036,4781.036,128,280,0
1776763740,4781.365,4782.941,4781.163,4782.395,138,280,0
1776763800,4782.33,4783.977,4781.973,4782.948,176,280,0
1776763860,4783.005,4784.374,4782.749,4783.788,112,280,0
1776763920,4783.847,4784.135,4782.634,4783.429,115,280,0
1776763980,4783.627,4784.691,4783.168,4784.105,136,280,0
1776764040,4784.4,4784.759,4784.067,4784.631,106,280,0
1776764100,4784.573,4784.913,4783.556,4784.182,141,280,0
1776764160,4784.042,4785.758,4782.982,4783.605,151,280,0
1776764220,4783.704,4783.778,4782.07,4783.643,145,280,0
1776764280,4783.678,4784.355,4783.47,4784.315,107,280,0
1776764340,4784.204,4784.463,4783.4,4783.57,95,280,0
1776764400,4783.588,4784.586,4782.994,4784.107,102,280,0
1776764460,4784.12,4785.357,4784.077,4784.787,103,280,0
1776764520,4784.727,4785.63,4783.645,4785.433,151,280,0
1776764580,4785.45,4787.091,4785.45,4786.632,137,280,0
1776764640,4786.603,4787.534,4786.453,4787.055,70,280,0
1776764700,4787.074,4787.868,4786.588,4786.74,115,280,0
1776764760,4786.797,4786.844,4785.521,4785.759,135,280,0
1776764820,4785.835,4786.56,4784.748,4785.189,109,280,0
1776764880,4784.956,4785.219,4783.493,4784.221,112,280,0
1776764940,4784.199,4785.285,4783.362,4785.037,119,280,0
1776765000,4785.278,4785.68,4784.603,4785.507,123,280,0
1776765060,4785.626,4786.845,4784.936,4786.604,134,280,0
1776765120,4786.545,4788.191,4785.3,4787.748,137,280,0
1776765180,4787.88,4788.364,4787.103,4787.238,85,280,0
1776765240,4787.179,4787.557,4787.015,4787.266,78,280,0
1776765300,4787.326,4789.689,4787.326,4787.895,251,280,0
1776765360,4787.986,4788.897,4787.315,4788.365,160,280,0
1776765420,4788.307,4788.346,4785.86,4786.775,146,280,0
1776765480,4786.929,4787.037,4784.312,4784.634,165,280,0
1776765540,4784.7,4784.831,4783.585,4783.794,101,280,0
1776765600,4783.853,4785.198,4782.793,4784.054,201,280,0
1776765660,4784.317,4785.384,4784.104,4785.231,101,280,0
1776765720,4785.193,4785.556,4784.261,4784.453,130,280,0
1776765780,4784.605,4785.234,4782.703,4782.703,128,280,0
1776765840,4782.677,4784.342,4782.371,4783.228,140,360,0
1776765900,4783.289,4784.623,4783.192,4784.623,114,280,0
1776765960,4784.432,4785.151,4784.203,4784.675,103,280,0
1776766020,4784.622,4785.478,4784.173,4785.194,98,280,0
1776766080,4785.454,4785.837,4784.675,4785.284,80,280,0
1776766140,4785.293,4785.787,4784.971,4785.386,112,280,0
1776766200,4785.107,4785.445,4783.894,4784.354,98,280,0
1776766260,4784.413,4785.002,4784.068,4784.942,95,280,0
1776766320,4784.698,4785.2,4783.993,4784.428,88,280,0
1776766380,4784.639,4784.639,4782.965,4783.8,101,280,0
1776766440,4783.724,4783.724,4782.162,4782.973,107,280,0
1776766500,4782.991,4783.809,4782.565,4783.715,122,280,0
1776766560,4783.909,4783.909,4782.492,4782.71,91,280,0
1776766620,4782.616,4782.702,4781.13,4782.066,118,280,0
1776766680,4782.182,4782.392,4780.732,4781.487,118,280,0
1776766740,4781.457,4782.903,4780.878,4782.732,95,280,0
1776766800,4782.673,4783.489,4782.524,4782.862,99,280,0
1776766860,4783.19,4783.563,4782.627,4783.513,88,280,0
1776766920,4783.566,4784.705,4783.452,4784.389,106,280,0
1776766980,4784.047,4784.543,4783.457,4783.578,90,280,0
1776767040,4783.609,4784.08,4782.177,4782.654,101,280,0
1776767100,4782.594,4782.837,4781.754,4782.612,89,280,0
1776767160,4782.497,4784.185,4782.497,4783.568,130,280,0
1776767220,4783.37,4783.718,4783.054,4783.083,75,280,0
1776767280,4783.345,4783.345,4781.932,4782.731,82,280,0
1776767340,4782.774,4783.218,4782.176,4782.764,85,280,0
1776767400,4782.826,4783.623,4782.618,4783.623,90,280,0
1776767460,4783.652,4785.434,4783.572,4785.082,96,280,0
1776767520,4785.077,4785.602,4784.918,4785.235,92,280,0
1776767580,4785.166,4785.796,4784.888,4785.288,84,280,0
1776767640,4785.156,4785.361,4784.707,4784.707,78,280,0
1776767700,4784.366,4785.435,4784.152,4785.01,81,280,0
1776767760,4784.999,4785.594,4784.947,4785.457,90,280,0
1776767820,4785.52,4787.171,4785.326,4787.089,94,280,0
1776767880,4787.088,4787.759,4786.86,4787.635,85,308,0
1776767940,4787.577,4787.903,4786.641,4786.926,84,280,0
1776768000,4786.806,4787.084,4786.104,4786.425,98,280,0
1776768060,4786.746,4786.998,4786.148,4786.438,86,280,0
1776768120,4786.613,4786.67,4785.515,4785.954,70,280,0
1776768180,4785.855,4786.278,4785.294,4785.966,87,280,0
1776768240,4785.97,4786.648,4785.883,4786.277,80,280,0
1776768300,4786.285,4787.133,4785.96,4786.846,82,280,0
1776768360,4787.092,4787.67,4786.749,4787.216,79,280,0
1776768420,4787.216,4787.554,4786.656,4787.027,91,280,0
1776768480,4787.244,4787.244,4786.292,4786.616,110,280,0
1776768540,4786.646,4786.895,4786.003,4786.421,94,280,0
1776768600,4786.439,4787.812,4786.439,4787.705,78,280,0
1776768660,4787.517,4788.261,4787.337,4787.862,92,280,0
1776768720,4788.068,4789.064,4787.731,4788.52,90,280,0
1776768780,4788.494,4789.809,4788.484,4789.217,97,280,0
1776768840,4789.207,4790.152,4789.073,4789.835,86,280,0
1776768900,4789.805,4790.343,4789.488,4789.808,87,280,0
1776768960,4789.872,4790.215,4789.036,4789.229,100,280,0
1776769020,4789.241,4789.386,4788.641,4788.754,92,280,0
1776769080,4789.036,4790.037,4788.812,4789.004,96,280,0
1776769140,4789.321,4789.823,4788.651,4789.501,80,280,0
1776769200,4789.632,4790.023,4788.914,4789.952,122,280,0
1776769260,4789.952,4790.027,4789.348,4789.735,86,280,0
1776769320,4789.871,4789.871,4788.108,4788.519,154,280,0
1776769380,4788.303,4788.586,4786.824,4787.015,121,280,0
1776769440,4787.076,4787.67,4786.992,4787.345,100,308,0
1776769500,4787.32,4788.706,4786.88,4788.533,94,280,0
1776769560,4788.389,4788.83,4787.809,4787.979,125,280,0
1776769620,4787.727,4788.18,4787.221,4787.779,90,280,0
1776769680,4787.837,4787.837,4785.132,4785.204,121,280,0
1776769740,4785.466,4785.466,4775.149,4779.902,1017,280,0
1776769800,4780.242,4782.728,4779.121,4781.476,426,280,0
1776769860,4781.545,4782.032,4780.69,4781.407,227,280,0
1776769920,4781.236,4781.519,4779.301,4781.187,233,280,0
1776769980,4781.49,4781.939,4779.981,4780.431,198,280,0
1776770040,4780.492,4781.711,4780.108,4781.628,206,280,0
1776770100,4781.699,4783.042,4780.722,4781.748,179,280,0
1776770160,4781.595,4782.773,4781.595,4782.446,154,280,0
1776770220,4782.318,4782.809,4780.904,4782.017,150,280,0
1776770280,4782.075,4782.62,4781.123,4781.818,149,280,0
1776770340,4781.756,4782.15,4781.199,4781.644,96,280,0
1776770400,4781.86,4783.964,4781.557,4783.526,124,280,0
1776770460,4783.319,4784.349,4782.392,4783.511,177,280,0
1776770520,4783.508,4783.648,4782.112,4782.867,113,280,0
1776770580,4782.937,4783.383,4782.149,4782.735,132,280,0
1776770640,4782.447,4783.356,4781.322,4781.794,139,280,0
1776770700,4781.672,4782.39,4780.757,4781.127,132,280,0
1776770760,4781.07,4782.065,4779.088,4781.642,186,280,0
1776770820,4781.655,4783.322,4781.492,4783.088,113,280,0
1776770880,4783.074,4783.979,4782.808,4783.174,105,280,0
1776770940,4783.074,4783.585,4782.235,4783.283,99,280,0
1776771000,4783.217,4786.861,4782.984,4786.694,158,280,0
1776771060,4786.762,4789.47,4786.565,4789.273,131,280,0
1776771120,4789.277,4790.06,4788.586,4789.27,152,280,0
1776771180,4789.269,4789.539,4788.323,4788.343,163,280,0
1776771240,4788.278,4788.616,4787.007,4787.344,131,280,0
1776771300,4787.429,4789.627,4787.344,4789.392,103,280,0
1776771360,4789.328,4790.431,4788.784,4790.12,160,280,0
1776771420,4789.905,4790.152,4788.827,4789.054,130,280,0
1776771480,4788.983,4789.345,4788.34,4788.665,102,280,0
1776771540,4788.702,4789.689,4788.691,4789.688,107,280,0
1776771600,4789.897,4792.931,4789.084,4791.778,203,280,0
1776771660,4791.817,4793.759,4791.469,4793.751,120,280,0
1776771720,4793.744,4794.901,4793.151,4793.234,138,280,0
1776771780,4793.281,4794.645,4792.202,4792.202,160,280,0
1776771840,4792.254,4793.126,4791.718,4792.859,129,280,0
1776771900,4792.936,4793.474,4791.628,4792.874,187,280,0
1776771960,4792.872,4793.943,4792.872,4793.79,106,280,0
1776772020,4793.811,4795.561,4793.145,4795.159,155,280,0
1776772080,4795.221,4797.993,4794.779,4796.926,192,280,0
1776772140,4797.14,4797.14,4795.442,4795.73,145,280,0
1776772200,4795.825,4796.429,4794.434,4795.447,157,280,0
1776772260,4795.79,4796.868,4795.135,4795.498,121,280,0
1776772320,4795.442,4795.59,4793.985,4794.728,125,280,0
1776772380,4794.898,4795.362,4793.065,4793.228,131,280,0
1776772440,4793.283,4794.535,4792.72,4794.045,150,280,0
1776772500,4793.986,4794.527,4793.45,4794.329,115,280,0
1776772560,4794.019,4795.378,4794.019,4794.651,128,280,0
1776772620,4794.582,4796.314,4793.63,4794.272,134,280,0
1776772680,4794.153,4795.205,4793.64,4795.095,139,280,0
1776772740,4795.035,4795.497,4794.098,4794.697,105,280,0
1776772800,4794.61,4796.965,4794.505,4794.903,199,280,0
1776772860,4794.861,4795.665,4793.629,4794.088,194,280,0
1776772920,4794.187,4795.579,4793.646,4794.824,169,280,0
1776772980,4794.767,4795.443,4793.853,4794.782,160,280,0
1776773040,4794.558,4794.772,4793.474,4793.474,140,280,0
1776773100,4793.471,4793.58,4791.728,4792.219,161,280,0
1776773160,4792.274,4793.925,4791.201,4792.815,184,280,0
1776773220,4792.778,4793.689,4792.602,4793.565,119,280,0
1776773280,4793.622,4794.196,4792.148,4792.285,125,280,0
1776773340,4792.343,4795.755,4792.11,4795.337,170,280,0
1776773400,4795.35,4795.721,4793.539,4793.539,168,280,0
1776773460,4793.589,4794.754,4792.032,4792.097,192,280,0
1776773520,4792.315,4793.317,4791.395,4792.382,172,280,0
1776773580,4792.403,4793.947,4792.288,4793.103,127,280,0
1776773640,4793.267,4793.348,4790.866,4791.329,152,280,0
1776773700,4791.257,4791.859,4789.215,4790.021,245,280,0
1776773760,4789.962,4790.847,4789.326,4790.434,232,280,0
1776773820,4790.543,4790.771,4789.617,4790.107,150,280,0
1776773880,4790.051,4790.051,4787.023,4787.023,153,280,0
1776773940,4786.903,4787.021,4783.632,4783.694,286,280,0
1776774000,4783.752,4784.459,4779.966,4780.868,431,280,0
1776774060,4780.925,4783.279,4779.068,4782.456,382,280,0
1776774120,4782.628,4785.119,4782.376,4784.153,278,280,0
1776774180,4784.3,4784.864,4782.545,4784.135,221,280,0
1776774240,4784.031,4784.926,4782.667,4782.766,205,280,0
1776774300,4782.825,4782.924,4781.556,4782.373,232,280,0
1776774360,4782.432,4783.365,4781.918,4783.349,158,280,0
1776774420,4783.258,4784.513,4781.577,4782.39,172,280,0
1776774480,4782.295,4782.295,4780.949,4781.304,125,280,0
1776774540,4781.298,4781.498,4780.297,4781.023,103,280,0
1776774600,4781.131,4781.224,4766.799,4776.304,377,360,0
1776774660,4776.205,4777.476,4775.152,4777.313,220,280,0
1776774720,4777.372,4783.07,4777.186,4782.66,173,280,0
1776774780,4782.506,4784.721,4782.15,4784.234,277,280,0
1776774840,4784.296,4787.63,4784.296,4786.854,344,280,0
1776774900,4786.916,4787.477,4785.036,4786.892,217,280,0
1776774960,4786.938,4790.492,4786.783,4789.322,318,280,0
1776775020,4789.382,4789.529,4786.399,4787.701,357,280,0
1776775080,4787.387,4788.066,4780.525,4783.55,470,280,0
1776775140,4783.466,4783.591,4779.835,4780.658,430,280,0
1776775200,4780.589,4781.725,4777.048,4779.387,469,280,0
1776775260,4779.151,4781.897,4778.99,4781.171,332,280,0
1776775320,4780.952,4782.867,4780.952,4782.201,272,280,0
1776775380,4781.84,4782.103,4778.848,4779.677,294,280,0
1776775440,4779.643,4780.841,4776.106,4778.937,375,280,0
1776775500,4778.875,4780.48,4778.557,4779.464,275,280,0
1776775560,4779.53,4781.725,4779.222,4780.587,198,280,0
1776775620,4780.933,4782.874,4780.933,4782.184,231,280,0
1776775680,4781.929,4782.524,4779.094,4779.917,232,280,0
1776775740,4779.829,4781.053,4777.431,4777.799,213,280,0
1776775800,4777.826,4778.924,4776.771,4778.427,359,280,0
1776775860,4778.499,4780.853,4777.941,4780.034,261,280,0
1776775920,4779.915,4781.526,4779.638,4779.905,178,280,0
1776775980,4779.846,4780.506,4778.521,4779.906,182,280,0
1776776040,4779.978,4780.25,4778.323,4779.955,205,280,0
1776776100,4779.897,4782.246,4779.822,4781.338,222,280,0
1776776160,4781.395,4781.395,4778.709,4778.736,218,280,0
1776776220,4778.638,4779.517,4776.035,4777.354,282,280,0
1776776280,4777.293,4778.624,4777.044,4777.528,217,280,0
1776776340,4777.618,4779.326,4776.577,4778.595,240,280,0
1776776400,4778.53,4782.068,4778.53,4781.038,481,280,0
1776776460,4781.092,4781.304,4778.088,4779.671,358,280,0
1776776520,4779.642,4783.331,4779.196,4783.331,333,280,0
1776776580,4783.267,4783.81,4782.072,4782.445,200,280,0
1776776640,4782.222,4783.59,4779.195,4779.195,329,280,0
1776776700,4779.251,4779.767,4775.565,4775.833,377,280,0
1776776760,4775.789,4776.043,4769.475,4772.053,615,280,0
1776776820,4772.112,4773.944,4771.748,4773.385,361,280,0
1776776880,4773.324,4773.897,4767.498,4769.448,422,280,0
1776776940,4769.51,4771.187,4767.421,4768.084,446,280,0
1776777000,4768.179,4770.38,4767.495,4769.374,431,280,0
1776777060,4769.325,4771.092,4767.797,4769.27,397,280,0
1776777120,4769.331,4769.862,4766.257,4769.551,362,280,0
1776777180,4769.488,4769.488,4765.545,4768.348,371,280,0
1776777240,4768.406,4769.806,4764.466,4765.13,364,280,0
1776777300,4765.092,4769.424,4760.443,4768.677,607,280,0
1776777360,4768.735,4769.364,4765.961,4768.234,388,280,0
1776777420,4768.406,4772.089,4768.234,4770.485,316,280,0
1776777480,4770.615,4770.811,4768.586,4770.395,239,280,0
1776777540,4770.329,4772.056,4768.315,4768.489,238,280,0
1776777600,4768.284,4770.86,4767.17,4770.568,325,280,0
1776777660,4770.52,4771.468,4768.446,4768.446,227,280,0
1776777720,4768.498,4770.382,4768.163,4770.036,229,280,0
1776777780,4769.845,4771.29,4766.84,4771.032,564,280,0
1776777840,4771.207,4772.237,4768.198,4769.682,264,280,0
1776777900,4770.018,4771.98,4769.634,4771.311,242,280,0
1776777960,4771.403,4771.603,4769.904,4770.579,244,280,0
1776778020,4770.368,4772.571,4769.166,4771.64,285,280,0
1776778080,4771.703,4774.031,4771.703,4773.68,286,280,0
1776778140,4773.698,4775.32,4773.189,4774.729,250,280,0
1776778200,4774.673,4778.802,4773.86,4777.382,790,280,0
1776778260,4777.446,4781.173,4775.788,4780.705,700,280,0
1776778320,4780.766,4780.825,4776.883,4777.455,603,280,0
1776778380,4777.394,4778.857,4775.645,4777.289,446,280,0
1776778440,4777.373,4778.549,4775.92,4775.942,395,280,0
1776778500,4776.005,4777.396,4770.221,4772.556,611,280,0
1776778560,4772.681,4776.049,4772.587,4774.053,533,280,0
1776778620,4773.979,4776.496,4773.927,4775.309,460,280,0
1776778680,4775.291,4780.962,4773.862,4779.273,372,280,0
1776778740,4779.137,4785.507,4778.632,4784.172,497,280,0
1776778800,4784.247,4792.542,4784.164,4790.56,531,280,0
1776778860,4790.499,4790.517,4786.484,4787.763,379,280,0
1776778920,4787.707,4789.66,4786.168,4787.735,368,280,0
1776778980,4787.617,4790.832,4787.369,4788.634,404,280,0
1776779040,4788.696,4789.501,4786.655,4788.896,290,280,0
1776779100,4788.832,4790.259,4785.666,4787.323,407,280,0
1776779160,4787.148,4791.02,4786.77,4790.531,314,280,0
1776779220,4790.374,4794.237,4789.533,4789.611,434,280,0
1776779280,4789.88,4791.481,4788.444,4789.146,338,280,0
1776779340,4789.189,4791.111,4788.615,4788.718,324,280,0
1776779400,4788.892,4789.542,4786.936,4789.123,374,280,0
1776779460,4789.188,4789.738,4788.222,4789.6,259,280,0
1776779520,4789.552,4792.864,4789.074,4791.734,333,280,0
1776779580,4791.675,4793.328,4790.932,4791.91,337,280,0
1776779640,4791.862,4792.31,4788.726,4789.326,249,280,0
1776779700,4789.269,4789.426,4786.598,4787.123,288,280,0
1776779760,4787.081,4787.912,4784.886,4786.351,282,280,0
1776779820,4786.128,4787.019,4783.107,4783.138,235,280,0
1776779880,4783.037,4783.396,4780.431,4781.276,300,280,0
1776779940,4781.279,4781.279,4777.321,4779.104,311,280,0
1776780000,4779.084,4779.227,4773.276,4775.66,288,280,0
1776780060,4776.021,4779.467,4774.971,4779.18,205,280,0
1776780120,4778.979,4779.125,4776.377,4777.816,197,280,0
1776780180,4777.741,4778.489,4775.953,4777.498,315,280,0
1776780240,4777.483,4781.342,4776.823,4780.299,288,280,0
1776780300,4780.236,4782.018,4779.303,4781.544,255,280,0
1776780360,4781.367,4782.34,4779.035,4780.372,252,280,0
1776780420,4780.293,4781.926,4779.608,4779.787,251,280,0
1776780480,4779.744,4782.625,4779.359,4780.733,255,280,0
1776780540,4780.79,4782.052,4780.755,4780.793,228,280,0
1776780600,4780.73,4780.73,4776.01,4778.133,378,280,0
1776780660,4778.182,4779.988,4777.803,4779.695,302,280,0
1776780720,4779.76,4780.497,4777.569,4779.038,251,280,0
1776780780,4779.032,4779.678,4777.706,4778.198,250,280,0
1776780840,4778.306,4780.544,4778.164,4778.472,213,280,0
1776780900,4778.628,4779.193,4776.661,4778.04,321,280,0
1776780960,4777.962,4779.779,4777.177,4779.657,215,280,0
1776781020,4779.787,4780.55,4777.664,4778.338,241,280,0
1776781080,4778.588,4779.496,4777.91,4778.379,305,280,0
1776781140,4778.321,4779.018,4777.176,4777.532,237,280,0
1776781200,4777.689,4778.334,4773.981,4774.519,368,280,0
1776781260,4774.577,4776.872,4773.963,4775.841,278,280,0
1776781320,4775.9,4776.749,4774.354,4775.824,265,280,0
1776781380,4775.757,4777.013,4771.988,4773.207,310,280,0
1776781440,4773.133,4773.176,4771.942,4772.651,242,280,0
1776781500,4772.648,4774.365,4771.657,4772.01,193,280,0
1776781560,4772.075,4772.837,4769.703,4771.997,274,280,0
1776781620,4771.935,4773.439,4771.008,4773.198,274,280,0
1776781680,4773.219,4773.713,4771.782,4772.829,228,280,0
1776781740,4772.768,4775.091,4772.563,4774.008,216,280,0
1776781800,4773.945,4775.102,4770.876,4772.595,356,280,0
1776781860,4772.379,4773.128,4769.991,4771.341,295,280,0
1776781920,4771.278,4772.727,4768.989,4770.306,467,280,0
1776781980,4770.368,4770.712,4765.627,4766.068,490,280,0
1776782040,4766.133,4769.542,4761.813,4768.114,673,280,0
1776782100,4768.31,4769.512,4765.833,4767.436,428,280,0
1776782160,4767.508,4767.595,4763.04,4764.027,488,280,0
1776782220,4763.965,4765.209,4763.126,4765.018,499,280,0
1776782280,4765.149,4766.989,4763.488,4765.035,402,280,0
1776782340,4765.097,4765.419,4760.489,4761.44,453,280,0
1776782400,4761.712,4763.42,4749.464,4754.822,1243,280,0
1776782460,4754.761,4760.947,4752.32,4757.313,1144,280,0
1776782520,4757.17,4758.139,4754.543,4757.513,693,280,0
1776782580,4757.219,4757.837,4753.371,4753.493,653,280,0
1776782640,4753.311,4754.72,4743.413,4745.162,891,280,0
1776782700,4745.0,4745.738,4741.442,4744.285,1113,280,0
1776782760,4743.937,4744.79,4727.937,4731.742,1494,280,0
1776782820,4731.802,4732.107,4726.185,4728.901,1407,280,0
1776782880,4728.965,4732.638,4723.4,4732.168,1574,280,0
1776782940,4731.969,4734.128,4724.949,4727.748,1164,280,0
1776783000,4727.677,4730.396,4723.398,4727.186,1251,280,0
1776783060,4727.256,4731.259,4724.46,4730.378,1235,280,0
1776783120,4730.484,4734.623,4728.916,4734.054,991,280,0
1776783180,4733.948,4737.621,4733.882,4736.193,715,280,0
1776783240,4736.255,4739.242,4734.186,4738.567,791,280,0
1776783300,4738.486,4738.864,4735.303,4735.303,800,280,0
1776783360,4735.237,4741.417,4735.237,4740.708,773,280,0
1776783420,4740.569,4741.953,4736.575,4736.937,701,280,0
1776783480,4736.995,4739.084,4733.454,4738.149,810,280,0
1776783540,4738.252,4739.859,4736.099,4738.802,1028,280,0
1776783600,4738.869,4741.0,4730.936,4733.828,1219,280,0
1776783660,4733.753,4736.133,4730.444,4732.294,1036,280,0
1776783720,4732.355,4735.644,4731.224,4734.122,927,280,0
1776783780,4734.029,4736.142,4733.287,4735.775,848,280,0
1776783840,4735.558,4739.96,4733.67,4734.506,1060,280,0
1776783900,4734.247,4735.074,4727.803,4731.503,1012,280,0
1776783960,4731.577,4732.742,4729.513,4731.099,1051,280,0
1776784020,4731.072,4738.651,4730.839,4736.977,851,280,0
1776784080,4736.898,4738.773,4733.436,4735.146,724,280,0
1776784140,4735.089,4740.574,4734.794,4740.422,596,280,0
1776784200,4740.338,4747.413,4739.829,4746.663,716,280,0
1776784260,4746.565,4749.04,4745.524,4746.649,622,280,0
1776784320,4746.733,4749.522,4746.231,4748.097,521,280,0
1776784380,4748.059,4749.737,4746.859,4748.439,481,280,0
1776784440,4748.496,4750.568,4747.61,4748.095,422,280,0
1776784500,4747.909,4750.266,4747.075,4747.849,472,280,0
1776784560,4747.69,4750.045,4746.227,4749.637,583,280,0
1776784620,4749.507,4749.631,4745.078,4747.697,578,280,0
1776784680,4747.816,4752.385,4747.738,4752.21,592,280,0
1776784740,4752.058,4756.4,4750.594,4755.234,700,280,0
1776784800,4755.158,4757.438,4754.566,4756.103,563,280,0
1776784860,4756.167,4756.7,4754.089,4756.121,529,280,0
1776784920,4755.99,4756.392,4752.899,4753.477,514,280,0
1776784980,4753.536,4755.201,4749.938,4750.255,569,280,0
1776785040,4750.315,4750.38,4748.547,4750.078,474,280,0
1776785100,4750.02,4750.203,4745.303,4747.694,593,280,0
1776785160,4747.899,4748.417,4743.397,4744.622,496,280,0
1776785220,4744.559,4745.464,4742.893,4744.845,570,280,0
1776785280,4744.902,4746.384,4742.395,4743.048,466,280,0
1776785340,4743.108,4744.579,4741.986,4742.52,445,280,0
1776785400,4742.408,4743.797,4741.905,4743.375,513,280,0
1776785460,4743.458,4744.323,4742.454,4743.707,440,280,0
1776785520,4743.786,4745.084,4742.77,4744.285,438,280,0
1776785580,4744.353,4745.745,4741.294,4742.436,393,280,0
1776785640,4742.498,4744.441,4741.341,4744.31,421,280,0
1776785700,4744.2,4744.946,4739.818,4741.047,466,280,0
1776785760,4740.988,4741.188,4736.59,4739.576,496,280,0
1776785820,4739.355,4743.882,4739.355,4743.25,441,280,0
1776785880,4743.134,4743.75,4741.281,4741.483,391,280,0
1776785940,4741.638,4743.2,4740.406,4743.154,435,280,0
1776786000,4743.044,4743.914,4741.884,4742.274,389,280,0
1776786060,4742.204,4742.634,4738.785,4739.486,406,280,0
1776786120,4739.572,4744.273,4739.297,4744.098,353,280,0
1776786180,4743.851,4746.907,4743.729,4745.635,310,280,0
1776786240,4745.532,4747.566,4745.37,4745.571,274,280,0
1776786300,4745.495,4747.363,4744.75,4745.965,330,280,0
1776786360,4745.615,4746.556,4743.908,4746.556,435,280,0
1776786420,4746.407,4750.092,4746.225,4748.055,432,280,0
1776786480,4748.062,4748.61,4746.612,4747.446,273,280,0
1776786540,4747.41,4749.448,4746.23,4746.23,356,280,0
1776786600,4746.034,4746.371,4743.308,4744.945,442,280,0
1776786660,4744.888,4745.453,4743.461,4744.204,309,280,0
1776786720,4744.134,4744.14,4741.605,4742.113,276,280,0
1776786780,4742.085,4742.618,4740.467,4740.482,249,280,0
1776786840,4740.505,4741.827,4739.654,4741.231,289,280,0
1776786900,4741.288,4741.649,4739.764,4740.132,308,280,0
1776786960,4740.069,4741.785,4738.713,4740.969,337,280,0
1776787020,4741.026,4741.823,4739.554,4740.561,278,280,0
1776787080,4740.519,4741.397,4740.023,4740.957,259,280,0
1776787140,4741.031,4741.67,4740.334,4741.446,232,280,0
1776787200,4741.452,4745.291,4741.452,4743.081,473,280,0
1776787260,4743.032,4743.662,4741.365,4742.021,355,280,0
1776787320,4742.087,4744.911,4742.013,4744.24,294,280,0
1776787380,4744.206,4746.791,4741.785,4743.099,793,280,0
1776787440,4742.91,4743.435,4739.901,4740.308,315,280,0
1776787500,4740.078,4741.451,4739.027,4739.836,371,280,0
1776787560,4739.778,4740.765,4739.282,4739.545,274,280,0
1776787620,4739.631,4740.18,4738.101,4739.774,241,280,0
1776787680,4739.714,4739.828,4737.0,4737.358,318,280,0
1776787740,4737.135,4737.232,4734.54,4735.139,373,280,0
1776787800,4735.229,4735.33,4732.814,4733.13,333,280,0
1776787860,4732.944,4733.9,4729.661,4730.422,375,280,0
1776787920,4730.478,4733.463,4730.296,4731.643,321,280,0
1776787980,4731.575,4731.83,4729.057,4729.612,329,280,0
1776788040,4729.692,4730.389,4726.484,4730.263,366,280,0
1776788100,4730.284,4731.279,4728.285,4729.942,310,280,0
1776788160,4730.003,4731.536,4729.159,4731.153,304,280,0
1776788220,4731.19,4734.048,4730.954,4733.533,210,280,0
1776788280,4733.611,4734.124,4732.329,4732.681,179,280,0
1776788340,4732.757,4733.411,4730.7,4732.443,219,280,0
1776788400,4732.499,4732.499,4727.77,4729.47,396,280,0
1776788460,4729.393,4731.257,4729.111,4730.803,289,280,0
1776788520,4730.941,4732.382,4730.694,4730.923,240,280,0
1776788580,4730.576,4730.759,4728.946,4729.503,222,280,0
1776788640,4729.426,4730.787,4727.677,4730.652,279,280,0
1776788700,4730.582,4730.582,4725.506,4727.367,322,280,0
1776788760,4727.303,4727.38,4725.721,4726.832,259,280,0
1776788820,4726.889,4726.889,4724.558,4725.391,223,280,0
1776788880,4725.465,4725.95,4719.576,4724.873,501,280,0
1776788940,4724.811,4724.811,4720.428,4720.852,357,280,0
1776789000,4720.794,4722.951,4719.803,4720.985,454,280,0
1776789060,4721.044,4724.297,4719.489,4722.701,366,280,0
1776789120,4722.643,4725.703,4722.517,4725.629,261,280,0
1776789180,4725.766,4725.97,4721.785,4722.991,316,280,0
1776789240,4723.072,4724.481,4722.339,4724.27,271,280,0
1776789300,4724.232,4727.421,4723.949,4726.406,377,280,0
1776789360,4726.311,4726.396,4722.597,4724.206,315,280,0
1776789420,4724.124,4724.124,4719.782,4721.374,327,280,0
1776789480,4721.714,4723.508,4721.225,4721.271,366,280,0
1776789540,4721.399,4724.144,4721.399,4723.819,223,280,0
1776789600,4723.751,4725.574,4722.876,4724.475,249,280,0
1776789660,4724.364,4724.97,4723.07,4724.204,214,280,0
1776789720,4724.146,4724.826,4723.245,4723.373,231,280,0
1776789780,4723.623,4724.287,4722.8,4723.566,242,280,0
1776789840,4723.346,4723.552,4720.523,4721.024,304,280,0
1776789900,4721.045,4722.849,4720.887,4722.365,292,280,0
1776789960,4722.457,4722.711,4720.106,4720.861,354,280,0
1776790020,4720.802,4721.375,4718.172,4719.633,265,280,0
1776790080,4719.79,4721.129,4719.416,4720.475,272,280,0
1776790140,4720.253,4721.961,4719.837,4721.692,248,280,0
1776790200,4721.609,4721.664,4718.266,4718.52,290,280,0
1776790260,4718.463,4719.324,4713.143,4715.442,488,280,0
1776790320,4715.37,4716.476,4713.481,4714.97,483,280,0
1776790380,4714.893,4715.538,4710.544,4711.465,465,280,0
1776790440,4711.288,4711.288,4707.94,4709.334,423,280,0
1776790500,4709.37,4712.621,4708.807,4712.207,288,280,0
1776790560,4712.132,4712.132,4708.869,4710.817,364,280,0
1776790620,4710.73,4712.021,4709.634,4711.085,277,280,0
1776790680,4711.146,4711.443,4710.19,4710.368,286,280,0
1776790740,4710.436,4712.159,4708.755,4711.131,329,280,0
1776790800,4711.099,4713.619,4710.367,4713.012,328,280,0
1776790860,4712.951,4718.469,4712.397,4717.09,361,280,0
1776790920,4717.172,4717.657,4715.562,4716.252,297,280,0
1776790980,4716.31,4717.915,4713.929,4715.547,327,280,0
1776791040,4715.486,4715.486,4712.329,4712.643,313,280,0
1776791100,4712.566,4712.569,4707.364,4710.009,937,280,0
1776791160,4710.105,4711.352,4707.977,4710.451,719,280,0
1776791220,4710.51,4710.886,4708.883,4710.316,434,280,0
1776791280,4710.101,4710.26,4707.86,4709.909,355,280,0
1776791340,4709.971,4710.569,4708.347,4710.222,516,280,0
1776791400,4710.358,4711.555,4705.646,4707.482,968,280,0
1776791460,4707.619,4707.86,4703.425,4705.924,874,280,0
1776791520,4705.985,4706.893,4700.933,4704.444,649,280,0
1776791580,4704.266,4705.691,4702.176,4704.564,531,280,0
1776791640,4704.734,4706.348,4703.381,4706.348,538,280,0
1776791700,4706.265,4708.662,4703.666,4705.687,490,280,0
1776791760,4705.686,4708.202,4705.627,4707.466,478,280,0
1776791820,4707.567,4708.055,4705.786,4705.975,395,280,0
1776791880,4705.966,4705.966,4701.252,4701.688,446,280,0
1776791940,4701.746,4701.885,4699.745,4701.082,352,280,0
1776792000,4701.124,4702.75,4699.908,4702.25,435,280,0
1776792060,4702.364,4702.838,4700.082,4702.02,389,280,0
1776792120,4702.076,4704.336,4701.55,4703.275,333,280,0
1776792180,4703.319,4704.46,4702.451,4704.219,329,280,0
1776792240,4704.316,4705.81,4702.634,4703.321,431,280,0
1776792300,4703.229,4705.451,4702.407,4703.582,480,280,0
1776792360,4703.398,4703.573,4699.024,4699.296,305,280,0
1776792420,4699.645,4700.629,4698.868,4699.426,223,280,0
1776792480,4699.353,4700.19,4697.227,4699.969,309,280,0
1776792540,4699.909,4701.79,4699.256,4700.074,463,280,0
1776792600,4700.014,4700.634,4696.818,4698.392,407,280,0
1776792660,4698.335,4701.876,4698.203,4701.378,296,280,0
1776792720,4701.391,4704.849,4701.256,4704.796,418,280,0
1776792780,4704.853,4706.03,4704.284,4704.846,288,280,0
1776792840,4704.947,4705.409,4702.491,4705.409,305,280,0
1776792900,4705.344,4707.043,4704.031,4706.038,288,280,0
1776792960,4705.827,4707.064,4703.728,4704.936,299,280,0
1776793020,4704.876,4705.866,4704.16,4705.24,267,280,0
1776793080,4705.069,4710.473,4704.906,4707.828,569,280,0
1776793140,4707.927,4710.784,4704.938,4708.83,968,280,0
1776793200,4709.05,4712.152,4706.985,4708.21,954,280,0
1776793260,4708.483,4710.801,4706.758,4710.131,722,280,0
1776793320,4710.18,4716.323,4709.219,4715.753,675,280,0
1776793380,4715.611,4722.227,4715.289,4719.528,825,280,0
1776793440,4719.585,4719.944,4716.708,4717.618,754,280,0
1776793500,4717.783,4718.69,4714.359,4714.476,491,280,0
1776793560,4714.609,4714.789,4712.481,4714.276,425,280,0
1776793620,4714.197,4714.391,4712.011,4712.985,288,280,0
1776793680,4713.143,4715.515,4713.143,4714.0,301,280,0
1776793740,4713.902,4713.902,4711.338,4711.974,290,280,0
1776793800,4711.909,4712.637,4710.864,4711.212,266,280,0
1776793860,4711.193,4712.01,4709.546,4711.034,220,280,0
1776793920,4711.101,4712.232,4709.95,4710.382,251,280,0
1776793980,4710.517,4710.616,4708.544,4709.282,277,280,0
1776794040,4709.176,4709.744,4706.79,4707.032,315,280,0
1776794100,4706.997,4707.621,4705.963,4706.839,285,280,0
1776794160,4706.852,4707.934,4705.939,4707.125,270,280,0
1776794220,4707.196,4710.073,4706.931,4709.753,209,280,0
1776794280,4709.811,4709.891,4708.066,4709.427,201,280,0
1776794340,4709.325,4711.174,4708.358,4710.878,215,280,0
1776794400,4710.73,4713.532,4710.73,4712.982,266,280,0
1776794460,4712.88,4714.586,4712.525,4713.662,191,280,0
1776794520,4713.67,4714.549,4711.428,4713.036,268,280,0
1776794580,4713.094,4713.465,4711.495,4711.679,204,280,0
1776794640,4711.796,4711.796,4710.198,4710.748,182,280,0
1776794700,4710.808,4713.359,4708.609,4710.126,438,280,0
1776794760,4710.188,4710.747,4709.532,4710.425,172,280,0
1776794820,4710.376,4711.341,4708.814,4709.738,209,280,0
1776794880,4709.8,4710.717,4709.198,4709.523,184,280,0
1776794940,4709.44,4710.627,4708.083,4708.39,186,280,0
1776795000,4708.144,4708.473,4704.954,4705.539,271,280,0
1776795060,4705.601,4706.12,4704.546,4705.894,211,280,0
1776795120,4706.077,4707.305,4703.695,4704.329,316,280,0
1776795180,4704.626,4705.164,4704.088,4705.024,200,280,0
1776795240,4704.975,4705.495,4703.774,4704.654,159,280,0
1776795300,4704.619,4704.992,4702.341,4702.667,222,280,0
1776795360,4702.61,4703.209,4694.696,4698.914,964,280,0
1776795420,4698.99,4700.188,4695.955,4697.35,527,280,0
1776795480,4697.433,4698.604,4695.457,4697.096,386,280,0
1776795540,4697.044,4697.743,4695.611,4696.229,302,280,0
1776795600,4695.928,4696.723,4695.353,4696.613,252,280,0
1776795660,4696.586,4697.608,4695.715,4697.092,313,280,0
1776795720,4697.151,4697.151,4692.867,4693.796,285,280,0
1776795780,4693.735,4695.448,4693.272,4694.636,291,280,0
1776795840,4694.731,4695.544,4693.775,4695.05,244,280,0
1776795900,4695.154,4696.364,4693.568,4694.04,288,280,0
1776795960,4694.148,4694.531,4692.888,4693.311,240,280,0
1776796020,4693.218,4694.577,4692.266,4692.623,230,280,0
1776796080,4692.379,4694.91,4692.198,4694.205,218,280,0
1776796140,4694.146,4696.039,4693.478,4696.039,199,280,0
1776796200,4696.101,4700.233,4696.101,4698.333,339,280,0
1776796260,4698.413,4701.075,4697.833,4701.075,185,280,0
1776796320,4700.854,4701.348,4700.061,4701.0,187,280,0
1776796380,4700.94,4702.887,4700.634,4702.067,229,280,0
1776796440,4702.017,4702.651,4701.406,4701.986,199,280,0
1776796500,4701.938,4702.533,4700.643,4702.381,168,280,0
1776796560,4702.067,4703.524,4701.589,4702.836,153,280,0
1776796620,4702.622,4703.167,4700.55,4701.009,206,280,0
1776796680,4701.067,4701.996,4700.015,4701.842,199,280,0
1776796740,4701.925,4701.925,4700.486,4701.141,135,280,0
1776796800,4701.198,4701.857,4700.287,4701.178,199,280,0
1776796860,4701.224,4701.992,4700.427,4700.609,174,280,0
1776796920,4700.612,4700.936,4699.258,4700.512,155,280,0
1776796980,4700.453,4700.871,4700.088,4700.361,120,280,0
1776797040,4700.418,4703.553,4700.248,4702.97,170,280,0
1776797100,4702.889,4703.02,4701.19,4702.678,177,280,0
1776797160,4702.478,4704.211,4701.945,4703.559,150,280,0
1776797220,4703.706,4704.019,4702.009,4702.745,136,280,0
1776797280,4702.719,4703.335,4701.835,4702.594,136,280,0
1776797340,4702.41,4702.727,4701.769,4702.114,158,280,0
1776797400,4702.055,4702.055,4700.408,4701.112,189,280,0
1776797460,4701.172,4701.225,4698.809,4701.057,176,280,0
1776797520,4701.062,4701.518,4699.418,4699.702,126,280,0
1776797580,4699.9,4700.375,4699.564,4699.639,150,280,0
1776797640,4699.475,4710.408,4699.198,4708.969,887,280,0
1776797700,4708.964,4713.84,4705.801,4706.602,1252,280,0
1776797760,4706.486,4706.486,4704.37,4705.58,594,280,0
1776797820,4705.524,4710.445,4704.601,4708.909,696,280,0
1776797880,4708.715,4708.753,4707.207,4707.561,307,280,0
1776797940,4707.476,4709.795,4706.805,4709.038,324,280,0
1776798000,4709.095,4712.233,4707.348,4708.142,426,280,0
1776798060,4708.431,4711.279,4707.185,4708.135,385,280,0
1776798120,4708.181,4711.568,4708.181,4709.622,328,280,0
1776798180,4709.782,4711.181,4708.507,4709.288,273,280,0
1776798240,4709.021,4710.273,4708.464,4709.518,229,280,0
1776798300,4709.577,4711.212,4709.424,4710.499,262,280,0
1776798360,4710.195,4710.229,4707.87,4709.009,225,280,0
1776798420,4708.943,4710.297,4708.233,4710.244,179,280,0
1776798480,4710.182,4710.282,4708.575,4709.647,160,280,0
1776798540,4709.587,4710.728,4709.348,4709.787,137,280,0
1776798600,4709.509,4709.816,4707.685,4707.987,143,280,0
1776798660,4707.995,4711.218,4707.36,4711.133,200,280,0
1776798720,4711.418,4712.765,4710.731,4710.949,204,280,0
1776798780,4710.731,4711.857,4710.52,4710.819,160,280,0
1776798840,4710.758,4712.792,4704.103,4707.149,1027,280,0
1776798900,4707.275,4709.804,4704.959,4707.77,687,280,0
1776798960,4707.9,4710.325,4707.9,4709.667,369,280,0
1776799020,4709.601,4709.802,4706.752,4707.647,339,280,0
1776799080,4707.759,4708.089,4706.869,4707.448,257,280,0
1776799140,4707.472,4707.867,4706.25,4706.603,229,280,0
1776799200,4706.581,4707.474,4705.683,4706.233,214,280,0
1776799260,4706.197,4712.606,4706.044,4709.781,687,280,0
1776799320,4709.803,4711.931,4709.803,4710.822,344,280,0
1776799380,4710.6,4712.705,4710.384,4712.286,305,280,0
1776799440,4712.24,4714.345,4711.882,4714.345,259,280,0
1776799500,4714.247,4715.046,4712.288,4713.915,285,280,0
1776799560,4713.73,4714.798,4711.372,4712.709,317,280,0
1776799620,4712.764,4712.764,4710.134,4710.583,214,280,0
1776799680,4710.586,4713.288,4710.353,4712.638,213,280,0
1776799740,4712.82,4714.018,4711.743,4713.844,198,280,0
1776799800,4713.891,4714.661,4712.594,4712.87,268,280,0
1776799860,4712.829,4713.203,4712.125,4712.842,226,280,0
1776799920,4712.862,4714.461,4712.392,4713.889,215,280,0
1776799980,4713.953,4714.183,4711.784,4712.035,157,280,0
1776800040,4712.302,4712.338,4709.953,4710.617,236,280,0
1776800100,4710.457,4710.457,4705.674,4705.873,271,280,0
1776800160,4705.681,4707.557,4704.178,4704.547,400,280,0
1776800220,4704.612,4704.969,4702.871,4703.585,293,280,0
1776800280,4703.645,4704.338,4698.899,4700.709,545,280,0
1776800340,4700.647,4701.191,4699.171,4701.191,437,280,0
1776800400,4701.25,4701.403,4698.018,4699.377,414,280,0
1776800460,4699.434,4700.527,4689.303,4690.29,785,280,0
1776800520,4690.169,4690.798,4677.871,4678.965,1907,280,0
1776800580,4679.041,4681.853,4672.787,4673.761,1557,280,0
1776800640,4673.814,4674.366,4668.17,4671.413,1385,280,0
1776800700,4671.63,4678.669,4670.906,4678.362,1187,280,0
1776800760,4678.275,4679.41,4672.58,4674.394,1053,280,0
1776800820,4674.471,4681.976,4674.325,4679.762,1088,280,0
1776800880,4679.803,4681.865,4678.638,4681.543,687,280,0
1776800940,4681.605,4684.55,4679.698,4681.808,664,280,0
1776801000,4681.749,4685.732,4680.844,4681.099,873,280,0
1776801060,4681.3,4681.889,4677.001,4678.47,673,280,0
1776801120,4678.38,4678.436,4676.612,4677.304,669,280,0
1776801180,4677.228,4679.555,4676.696,4678.519,534,280,0
1776801240,4678.458,4682.037,4678.299,4680.042,518,280,0
1776801300,4680.271,4684.306,4679.891,4683.301,635,280,0
1776801360,4683.211,4683.615,4679.276,4680.746,574,280,0
1776801420,4680.804,4681.018,4677.759,4679.137,553,280,0
1776801480,4679.085,4679.106,4676.673,4678.745,623,280,0
1776801540,4678.684,4679.413,4676.519,4679.204,647,280,0
1776801600,4679.298,4679.463,4677.059,4678.128,547,280,0
1776801660,4678.207,4678.246,4676.122,4677.752,318,280,0
1776801720,4677.687,4678.536,4675.186,4675.649,233,280,0
1776801780,4675.574,4679.081,4674.215,4679.017,249,280,0
1776801840,4679.077,4679.418,4676.691,4676.737,169,280,0
1776801900,4676.527,4677.805,4675.496,4676.066,220,280,0
1776801960,4675.834,4675.91,4670.636,4671.684,267,280,0
1776802020,4671.636,4672.048,4670.29,4671.357,171,280,0
1776802080,4671.383,4672.316,4668.715,4669.888,225,280,0
1776802140,4669.935,4682.141,4669.305,4679.777,1216,280,0
1776802200,4679.926,4696.273,4678.873,4692.947,2224,360,0
1776802260,4693.037,4699.166,4690.355,4698.487,1673,308,0
1776802320,4698.478,4702.093,4694.872,4697.071,1145,280,0
1776802380,4696.996,4698.745,4694.205,4695.348,808,280,0
1776802440,4695.376,4697.115,4694.468,4696.847,558,280,0
1776802500,4696.772,4700.404,4694.803,4696.36,694,280,0
1776802560,4696.659,4709.904,4696.473,4707.706,851,280,0
1776802620,4707.648,4708.03,4703.855,4706.578,635,280,0
1776802680,4706.655,4708.398,4701.095,4701.829,535,280,0
1776802740,4701.932,4703.104,4700.399,4703.104,390,280,0
1776802800,4703.15,4705.648,4702.102,4704.013,410,280,0
1776802860,4703.991,4705.141,4702.661,4703.961,274,280,0
1776802920,4703.893,4707.925,4703.697,4707.925,328,280,0
1776802980,4707.804,4709.056,4707.226,4708.404,309,280,0
1776803040,4708.487,4711.217,4707.416,4709.625,385,280,0
1776803100,4709.561,4710.294,4708.137,4708.678,307,280,0
1776803160,4708.503,4709.189,4705.884,4705.884,319,280,0
1776803220,4705.952,4707.255,4705.723,4706.37,209,280,0
1776803280,4706.321,4707.304,4705.24,4706.028,226,280,0
1776803340,4706.026,4707.299,4705.215,4705.644,208,280,0
1776803400,4705.356,4706.706,4705.356,4706.317,122,280,0
1776803460,4706.63,4708.303,4706.211,4706.658,110,280,0
1776803520,4706.436,4707.223,4705.938,4707.002,97,280,0
1776803580,4707.016,4709.926,4707.016,4708.713,214,280,0
1776803640,4708.748,4710.233,4708.455,4709.998,164,280,0
1776803700,4710.068,4712.009,4709.614,4710.314,172,280,0
1776803760,4710.173,4710.756,4709.733,4709.751,172,280,0
1776803820,4709.82,4711.793,4709.562,4711.067,175,280,0
1776803880,4710.838,4712.643,4710.387,4712.222,154,280,0
1776803940,4712.221,4713.623,4711.908,4712.355,142,280,0
1776804000,4712.245,4712.245,4710.377,4710.639,169,280,0
1776804060,4710.664,4712.485,4710.575,4711.822,155,280,0
1776804120,4711.917,4712.745,4710.554,4711.789,181,280,0
1776804180,4711.696,4712.09,4711.198,4711.377,110,360,0
1776804240,4711.521,4711.639,4710.176,4711.149,158,280,0
1776804300,4711.088,4712.035,4710.121,4710.256,197,280,0
1776804360,4710.345,4710.986,4709.148,4710.199,174,280,0
1776804420,4710.187,4712.444,4710.02,4711.631,176,280,0
1776804480,4711.871,4713.793,4711.871,4713.126,160,280,0
1776804540,4713.005,4713.873,4712.3,4713.332,155,280,0
1776804600,4713.436,4714.863,4711.913,4712.435,190,280,0
1776804660,4712.363,4713.321,4711.612,4713.052,156,280,0
1776804720,4713.308,4718.032,4713.308,4718.032,144,280,0
1776804780,4718.054,4718.743,4716.763,4717.191,142,280,0
1776804840,4717.15,4718.54,4716.54,4717.004,186,280,0
1776804900,4716.728,4718.823,4716.467,4717.35,158,360,0
1776804960,4717.119,4718.249,4717.111,4718.249,160,308,0
1776805020,4718.195,4719.322,4718.195,4718.75,163,360,0
1776808800,4719.882,4721.965,4719.019,4721.588,57,500,0
1776808860,4721.696,4724.974,4721.218,4723.67,247,360,0
1776808920,4723.807,4729.219,4723.807,4726.979,358,360,0
1776808980,4726.909,4729.498,4723.962,4726.264,358,360,0
1776809040,4726.378,4727.128,4725.146,4725.281,164,360,0
1776809100,4725.281,4725.856,4721.435,4721.72,224,360,0
1776809160,4721.624,4723.883,4721.537,4722.691,180,360,0
1776809220,4722.691,4723.408,4719.18,4720.818,213,360,0
1776809280,4720.747,4720.954,4718.182,4719.797,172,360,0
1776809340,4719.822,4721.226,4718.739,4720.678,121,360,0
1776809400,4720.562,4720.827,4718.479,4719.674,109,360,0
1776809460,4719.713,4722.498,4719.713,4722.361,131,280,0
1776809520,4722.551,4722.653,4720.624,4722.317,106,360,0
1776809580,4722.196,4723.084,4721.811,4721.811,71,360,0
1776809640,4721.891,4723.108,4721.639,4721.782,89,360,0
1776809700,4721.845,4721.845,4719.762,4719.87,118,280,0
1776809760,4720.031,4720.455,4719.3,4719.963,98,280,0
1776809820,4719.963,4720.374,4719.279,4719.697,59,280,0
1776809880,4719.697,4721.02,4719.697,4719.797,75,280,0
1776809940,4719.758,4720.909,4719.735,4720.514,77,280,0
1776810000,4720.434,4720.638,4718.016,4718.439,100,360,0
1776810060,4718.684,4718.72,4718.028,4718.377,70,360,0
1776810120,4718.396,4718.721,4718.128,4718.463,52,280,0
1776810180,4718.401,4718.603,4716.621,4717.069,101,280,0
1776810240,4717.169,4718.269,4717.169,4718.146,59,280,0
1776810300,4718.122,4718.624,4717.492,4718.612,55,280,0
1776810360,4718.404,4720.184,4718.271,4719.836,78,280,0
1776810420,4719.904,4719.984,4716.873,4717.457,80,280,0
1776810480,4717.457,4717.661,4716.743,4716.973,52,280,0
1776810540,4717.063,4719.159,4716.806,4718.828,75,280,0
1776810600,4718.896,4719.204,4716.693,4716.761,113,280,0
1776810660,4716.761,4718.442,4716.708,4717.448,121,280,0
1776810720,4717.387,4718.913,4716.698,4718.913,87,280,0
1776810780,4718.641,4718.643,4716.916,4716.945,74,280,0
1776810840,4716.929,4717.759,4716.711,4717.378,68,280,0
1776810900,4717.539,4718.375,4717.421,4718.325,52,280,0
1776810960,4718.322,4718.4,4717.365,4717.685,45,280,0
1776811020,4717.759,4718.528,4717.491,4718.38,85,280,0
1776811080,4718.388,4719.722,4717.708,4719.2,90,280,0
1776811140,4719.526,4719.555,4718.031,4718.575,68,280,0
1776811200,4718.575,4718.983,4717.942,4718.709,78,280,0
1776811260,4718.673,4718.979,4716.779,4717.138,94,280,0
1776811320,4717.199,4717.199,4716.14,4716.915,72,280,0
1776811380,4717.017,4717.601,4716.296,4717.479,69,280,0
1776811440,4717.567,4717.753,4716.844,4717.103,64,280,0
1776811500,4716.988,4718.437,4716.988,4718.384,73,280,0
1776811560,4718.402,4718.877,4717.947,4718.676,52,280,0
1776811620,4718.551,4718.645,4717.478,4717.78,87,280,0
1776811680,4717.571,4717.735,4716.934,4717.66,52,280,0
1776811740,4717.759,4718.35,4716.138,4716.98,86,280,0
1776811800,4716.895,4716.916,4715.424,4715.736,82,280,0
1776811860,4715.61,4717.082,4715.61,4716.489,81,280,0
1776811920,4716.358,4718.045,4716.358,4717.381,94,280,0
1776811980,4717.324,4717.909,4717.144,4717.6,61,280,0
1776812040,4717.669,4719.297,4717.55,4718.671,112,280,0
1776812100,4718.736,4719.924,4718.736,4719.681,73,280,0
1776812160,4719.605,4719.979,4719.127,4719.679,67,280,0
1776812220,4719.557,4719.722,4717.428,4717.802,81,280,0
1776812280,4717.766,4718.624,4717.685,4718.433,73,280,0
1776812340,4718.433,4719.429,4718.321,4719.303,67,280,0
1776812400,4719.426,4720.526,4718.168,4719.991,160,280,0
1776812460,4720.008,4722.568,4719.949,4721.692,139,280,0
1776812520,4721.412,4721.498,4719.571,4721.142,127,280,0
1776812580,4720.97,4722.079,4720.511,4720.719,104,280,0
1776812640,4720.757,4721.76,4720.757,4721.564,96,280,0
1776812700,4721.618,4723.369,4721.618,4722.441,113,280,0
1776812760,4722.58,4723.798,4722.044,4722.103,115,280,0
1776812820,4722.116,4722.782,4721.639,4721.851,87,280,0
1776812880,4722.011,4724.506,4722.011,4724.011,123,280,0
1776812940,4723.96,4726.052,4723.903,4725.131,119,280,0
1776813000,4725.095,4725.684,4724.793,4724.805,67,280,0
1776813060,4724.757,4725.349,4724.757,4725.312,65,280,0
1776813120,4725.305,4726.821,4725.032,4726.574,74,280,0
1776813180,4726.569,4729.683,4726.415,4729.683,105,280,0
1776813240,4729.393,4729.583,4727.096,4727.574,126,280,0
1776813300,4727.555,4727.956,4726.11,4726.982,130,280,0
1776813360,4726.946,4728.147,4726.946,4727.396,86,280,0
1776813420,4727.32,4728.962,4727.32,4727.731,80,280,0
1776813480,4727.739,4729.9,4727.591,4729.734,99,280,0
1776813540,4729.62,4733.062,4729.492,4731.698,144,280,0
1776813600,4731.63,4731.935,4730.493,4731.415,104,280,0
1776813660,4731.531,4732.326,4730.702,4731.86,93,280,0
1776813720,4731.842,4732.485,4731.401,4732.199,91,280,0
1776813780,4732.123,4732.241,4731.065,4732.087,85,280,0
1776813840,4731.992,4732.831,4731.743,4732.593,103,280,0
1776813900,4732.481,4733.012,4732.023,4732.299,60,280,0
1776813960,4732.23,4732.834,4731.136,4732.168,94,280,0
1776814020,4732.088,4732.38,4730.523,4730.892,87,280,0
1776814080,4730.767,4731.418,4730.532,4730.863,91,280,0
1776814140,4730.629,4731.106,4729.966,4730.115,81,280,0
1776814200,4730.107,4731.461,4729.419,4731.058,103,280,0
1776814260,4731.022,4731.312,4730.368,4730.708,76,280,0
1776814320,4730.805,4732.868,4730.805,4732.654,79,280,0
1776814380,4732.783,4733.478,4732.331,4733.011,81,280,0
1776814440,4733.008,4733.38,4731.814,4732.306,77,280,0
1776814500,4732.271,4733.768,4730.233,4730.669,132,280,0
1776814560,4730.513,4731.521,4729.632,4730.733,109,280,0
1776814620,4730.861,4731.541,4730.579,4730.773,76,280,0
1776814680,4730.775,4731.307,4729.924,4730.105,77,280,0
1776814740,4730.086,4730.507,4728.781,4730.382,86,280,0
1776814800,4730.389,4731.416,4730.389,4730.743,89,280,0
1776814860,4730.809,4732.831,4730.499,4731.276,104,280,0
1776814920,4731.289,4732.233,4730.326,4730.326,107,280,0
1776814980,4730.315,4730.599,4729.175,4729.398,68,280,0
1776815040,4729.464,4732.08,4729.464,4731.446,99,280,0
1776815100,4731.554,4735.567,4731.382,4734.602,188,280,0
1776815160,4734.527,4735.893,4734.527,4735.827,138,280,0
1776815220,4735.648,4736.049,4734.84,4735.33,98,280,0
1776815280,4735.345,4735.445,4733.886,4733.894,93,280,0
1776815340,4734.13,4738.38,4734.019,4738.06,147,280,0
1776815400,4737.998,4738.725,4736.596,4737.426,119,280,0
1776815460,4737.449,4738.804,4737.15,4738.555,101,280,0
1776815520,4738.499,4740.434,4738.499,4739.725,108,280,0
1776815580,4739.77,4740.1,4738.883,4738.883,87,280,0
1776815640,4738.952,4739.694,4738.358,4739.118,95,280,0
1776815700,4739.059,4739.455,4738.507,4738.537,89,280,0
1776815760,4738.548,4738.974,4737.591,4738.111,98,280,0
1776815820,4738.091,4738.869,4737.397,4737.979,110,280,0
1776815880,4737.995,4739.413,4737.258,4739.229,104,280,0
1776815940,4739.238,4739.405,4737.546,4737.924,106,280,0
1776816000,4738.061,4743.228,4738.061,4742.778,286,280,0
1776816060,4742.688,4743.075,4741.453,4742.725,191,280,0
1776816120,4742.809,4745.093,4742.477,4744.93,202,280,0
1776816180,4744.863,4745.485,4743.985,4744.444,127,280,0
1776816240,4744.472,4744.74,4742.598,4743.225,152,280,0
1776816300,4743.145,4744.995,4742.414,4744.01,135,280,0
1776816360,4744.103,4744.209,4740.79,4741.582,222,280,0
1776816420,4741.555,4743.365,4741.426,4742.56,138,280,0
1776816480,4742.566,4744.71,4742.566,4744.238,119,280,0
1776816540,4744.478,4747.45,4744.319,4744.342,246,280,0
1776816600,4744.371,4745.195,4743.429,4743.888,181,280,0
1776816660,4743.816,4746.354,4742.779,4745.764,183,280,0
1776816720,4745.823,4746.594,4744.84,4745.255,161,280,0
1776816780,4745.014,4745.177,4743.398,4744.923,142,280,0
1776816840,4744.643,4744.926,4742.635,4742.923,138,280,0
1776816900,4743.017,4743.315,4741.467,4742.197,226,280,0
1776816960,4742.2,4743.152,4741.588,4742.826,147,280,0
1776817020,4742.852,4744.543,4742.852,4743.519,215,280,0
1776817080,4743.55,4745.306,4743.464,4745.306,151,280,0
1776817140,4745.179,4745.392,4743.166,4743.549,136,280,0
1776817200,4743.511,4743.656,4741.984,4743.53,171,280,0
1776817260,4743.193,4743.919,4742.81,4743.519,120,308,0
1776817320,4743.517,4745.743,4743.376,4744.306,141,280,0
1776817380,4744.306,4744.861,4742.909,4742.909,119,280,0
1776817440,4742.718,4742.904,4741.312,4741.809,124,280,0
1776817500,4741.762,4742.139,4740.372,4741.943,147,280,0
1776817560,4741.945,4744.699,4741.91,4743.954,170,280,0
1776817620,4743.946,4743.946,4742.676,4743.212,109,280,0
1776817680,4743.133,4743.38,4741.788,4741.858,117,280,0
1776817740,4741.927,4742.579,4741.564,4742.485,113,280,0
1776817800,4742.266,4744.096,4742.16,4743.964,131,280,0
1776817860,4744.026,4746.926,4744.026,4746.855,176,280,0
1776817920,4746.782,4747.062,4745.361,4746.128,166,280,0
1776817980,4746.162,4746.182,4744.323,4744.527,114,280,0
1776818040,4744.411,4745.677,4744.344,4744.991,139,280,0
1776818100,4744.932,4745.435,4744.124,4744.458,151,280,0
1776818160,4744.311,4745.021,4743.391,4743.507,112,280,0
1776818220,4743.507,4744.389,4743.357,4744.296,108,280,0
1776818280,4744.354,4745.006,4743.257,4744.35,156,280,0
1776818340,4744.383,4744.96,4743.984,4744.692,89,280,0
1776818400,4744.624,4745.031,4743.628,4743.707,131,280,0
1776818460,4743.996,4745.163,4743.643,4744.503,107,280,0
1776818520,4744.572,4744.934,4743.439,4743.969,125,280,0
1776818580,4743.982,4744.941,4743.864,4744.61,90,280,0
1776818640,4744.54,4744.54,4741.497,4742.222,172,280,0
1776818700,4742.042,4743.068,4741.178,4742.64,182,280,0
1776818760,4742.687,4744.417,4742.638,4744.019,172,280,0
1776818820,4744.039,4745.874,4743.732,4745.63,130,280,0
1776818880,4745.614,4746.695,4743.69,4744.404,144,280,0
1776818940,4744.454,4745.386,4743.627,4743.824,131,280,0
1776819000,4743.759,4744.382,4742.529,4742.766,164,280,0
1776819060,4742.762,4743.387,4741.88,4743.171,135,280,0
1776819120,4743.369,4743.369,4741.802,4742.282,107,280,0
1776819180,4742.3,4742.74,4740.55,4740.55,142,280,0
1776819240,4740.387,4740.74,4739.489,4740.064,126,280,0
1776819300,4740.111,4740.564,4739.523,4739.994,127,280,0
1776819360,4740.036,4741.742,4739.985,4741.178,123,280,0
1776819420,4741.323,4741.854,4740.751,4741.452,104,280,0
1776819480,4741.521,4741.521,4738.553,4738.553,116,280,0
1776819540,4738.861,4741.173,4738.861,4739.674,180,280,0
1776819600,4739.618,4742.1,4737.547,4741.909,648,280,0
1776819660,4741.983,4743.301,4739.569,4741.506,402,280,0
1776819720,4741.545,4745.299,4741.445,4742.678,366,280,0
1776819780,4742.552,4743.87,4741.511,4743.34,393,280,0
1776819840,4743.33,4744.172,4740.199,4740.701,361,280,0
1776819900,4740.829,4741.74,4739.073,4739.971,237,280,0
1776819960,4740.042,4740.54,4738.985,4739.462,214,280,0
1776820020,4739.47,4739.765,4736.06,4736.34,282,280,0
1776820080,4736.308,4739.793,4735.85,4738.83,257,280,0
1776820140,4738.876,4741.317,4738.756,4738.879,238,280,0
1776820200,4738.953,4740.286,4738.717,4739.608,205,280,0
1776820260,4739.919,4740.046,4736.206,4737.09,217,280,0
1776820320,4737.16,4738.649,4736.711,4737.853,208,280,0
1776820380,4737.795,4739.407,4737.168,4738.958,165,280,0
1776820440,4739.057,4739.057,4737.486,4738.48,172,280,0
1776820500,4738.392,4740.758,4737.662,4740.347,192,280,0
1776820560,4740.204,4742.385,4740.017,4742.074,150,280,0
1776820620,4742.016,4743.558,4741.63,4742.443,166,280,0
1776820680,4742.437,4743.213,4741.204,4742.123,217,280,0
1776820740,4742.076,4742.076,4739.646,4740.325,141,280,0
1776820800,4740.329,4743.186,4740.329,4742.549,187,280,0
1776820860,4742.607,4744.83,4742.553,4744.325,133,280,0
1776820920,4744.513,4747.269,4744.33,4746.871,176,280,0
1776820980,4746.966,4748.979,4746.966,4748.657,149,280,0
1776821040,4748.917,4748.967,4745.939,4746.185,153,280,0
1776821100,4745.918,4747.695,4745.332,4746.707,171,280,0
1776821160,4747.004,4747.655,4745.609,4745.609,139,280,0
1776821220,4745.678,4745.961,4744.31,4744.39,142,280,0
1776821280,4744.329,4745.649,4743.767,4744.575,169,280,0
1776821340,4744.517,4746.377,4744.113,4746.196,159,280,0
1776821400,4746.343,4749.066,4746.243,4748.43,231,280,0
1776821460,4748.347,4750.289,4748.02,4749.454,205,280,0
1776821520,4749.362,4749.362,4747.477,4747.712,204,280,0
1776821580,4747.637,4749.408,4747.637,4748.665,148,280,0
1776821640,4748.634,4749.38,4747.316,4747.966,194,280,0
1776821700,4747.909,4750.309,4747.635,4749.242,205,280,0
1776821760,4749.216,4751.283,4748.604,4751.025,191,280,0
1776821820,4750.857,4751.035,4749.471,4749.922,181,280,0
1776821880,4750.146,4750.503,4749.131,4749.797,182,280,0
1776821940,4749.993,4753.06,4749.468,4751.419,207,280,0
1776822000,4751.364,4753.618,4751.127,4753.146,205,280,0
1776822060,4753.073,4753.795,4751.334,4751.334,184,280,0
1776822120,4751.496,4752.861,4750.386,4750.706,202,280,0
1776822180,4750.703,4750.947,4749.138,4749.79,183,280,0
1776822240,4749.585,4750.467,4749.146,4749.302,173,280,0
1776822300,4749.525,4749.629,4747.956,4748.696,154,280,0
1776822360,4748.752,4750.405,4748.11,4750.121,198,280,0
1776822420,4749.998,4751.135,4749.976,4751.135,123,280,0
1776822480,4751.193,4754.301,4751.067,4751.838,258,280,0
1776822540,4751.806,4752.964,4751.806,4752.602,156,280,0
1776822600,4752.541,4753.122,4752.016,4752.685,153,280,0
1776822660,4752.745,4753.024,4750.821,4752.715,194,280,0
1776822720,4752.707,4754.694,4752.378,4753.674,165,280,0
1776822780,4753.66,4754.445,4753.248,4753.393,128,280,0
1776822840,4753.324,4754.411,4753.324,4753.848,120,280,0
1776822900,4753.764,4753.955,4752.198,4752.691,134,280,0
1776822960,4752.931,4754.031,4752.436,4753.674,154,280,0
1776823020,4753.55,4754.469,4753.014,4753.014,143,280,0
1776823080,4753.199,4753.199,4752.16,4752.524,115,280,0
1776823140,4752.546,4753.344,4751.948,4752.199,124,280,0
1776823200,4751.994,4753.203,4751.994,4753.064,130,280,0
1776823260,4753.129,4753.468,4752.314,4752.356,115,280,0
1776823320,4752.469,4753.186,4750.692,4751.269,203,280,0
1776823380,4751.211,4751.338,4750.136,4751.009,159,280,0
1776823440,4751.136,4753.079,4750.855,4752.503,151,280,0
1776823500,4752.401,4753.24,4751.311,4751.736,150,280,0
1776823560,4751.674,4752.945,4751.307,4752.514,121,280,0
1776823620,4752.487,4753.829,4751.781,4752.242,142,280,0
1776823680,4752.299,4753.608,4751.863,4753.378,111,280,0
1776823740,4753.402,4753.488,4752.771,4753.189,109,280,0
1776823800,4753.163,4755.331,4753.163,4754.835,131,280,0
1776823860,4754.893,4755.982,4754.399,4755.495,118,280,0
1776823920,4755.66,4756.048,4755.002,4755.186,143,280,0
1776823980,4755.247,4756.012,4754.579,4755.446,136,280,0
1776824040,4755.38,4755.581,4754.239,4755.501,112,280,0
1776824100,4755.737,4756.111,4754.89,4754.89,101,280,0
1776824160,4755.073,4755.164,4753.689,4754.098,79,280,0
1776824220,4754.036,4755.474,4753.405,4755.474,95,280,0
1776824280,4755.533,4757.684,4755.533,4756.721,169,280,0
1776824340,4756.702,4757.473,4756.584,4757.451,91,280,0
1776824400,4757.46,4757.922,4756.796,4757.047,91,280,0
1776824460,4756.976,4757.963,4756.793,4757.963,80,280,0
1776824520,4757.654,4758.02,4756.654,4756.867,79,280,0
1776824580,4756.842,4757.376,4756.175,4756.894,103,280,0
1776824640,4756.831,4757.137,4755.417,4755.559,81,280,0
1776824700,4755.344,4756.258,4754.83,4755.804,107,280,0
1776824760,4756.095,4756.156,4755.466,4755.501,56,280,0
1776824820,4755.547,4755.811,4754.828,4755.425,78,280,0
1776824880,4755.368,4756.28,4754.809,4755.958,85,280,0
1776824940,4755.897,4756.033,4755.348,4755.755,84,280,0
1776825000,4755.429,4757.009,4755.233,4756.286,151,280,0
1776825060,4756.21,4756.906,4755.666,4756.645,104,280,0
1776825120,4756.736,4758.866,4756.736,4757.801,158,280,0
1776825180,4757.459,4758.085,4755.707,4756.462,176,280,0
1776825240,4756.425,4757.188,4756.336,4756.442,88,280,0
1776825300,4756.692,4756.759,4755.503,4755.738,125,280,0
1776825360,4755.851,4756.96,4755.249,4756.185,130,280,0
1776825420,4755.997,4756.224,4754.61,4755.08,119,280,0
1776825480,4755.267,4755.429,4754.33,4754.488,123,280,0
1776825540,4754.211,4754.941,4753.134,4753.404,156,280,0
1776825600,4753.15,4753.452,4752.444,4752.444,104,280,0
1776825660,4752.502,4752.564,4751.754,4752.069,111,280,0
1776825720,4751.758,4752.998,4751.758,4752.961,93,280,0
1776825780,4752.665,4753.448,4752.665,4753.346,88,280,0
1776825840,4753.245,4753.264,4751.426,4751.612,131,280,0
1776825900,4751.589,4753.552,4751.318,4752.843,129,280,0
1776825960,4752.556,4754.347,4752.556,4754.085,115,280,0
1776826020,4754.093,4754.365,4752.769,4753.022,92,280,0
1776826080,4753.209,4753.209,4751.569,4751.939,112,280,0
1776826140,4751.632,4752.016,4751.011,4751.731,100,280,0
1776826200,4751.61,4753.614,4751.61,4752.912,133,280,0
1776826260,4752.927,4754.037,4752.912,4753.466,92,280,0
1776826320,4753.472,4754.099,4753.115,4754.047,87,280,0
1776826380,4754.016,4755.644,4754.016,4754.223,111,280,0
1776826440,4754.563,4755.389,4754.257,4755.136,104,280,0
1776826500,4755.142,4756.959,4755.142,4756.629,135,280,0
1776826560,4756.744,4757.252,4755.27,4755.27,121,280,0
1776826620,4755.479,4755.856,4754.117,4754.226,126,280,0
1776826680,4754.334,4754.997,4753.407,4754.547,116,280,0
1776826740,4754.373,4755.933,4754.373,4755.622,100,280,0
1776826800,4755.529,4756.178,4753.992,4754.765,151,280,0
1776826860,4754.731,4755.008,4753.375,4753.418,109,280,0
1776826920,4753.498,4754.197,4753.006,4754.197,110,280,0
1776826980,4754.005,4756.173,4753.843,4755.522,133,280,0
1776827040,4755.554,4759.173,4755.454,4758.933,149,280,0
1776827100,4758.951,4759.394,4758.265,4758.916,155,280,0
1776827160,4758.829,4759.528,4758.298,4758.938,121,280,0
1776827220,4758.891,4759.807,4758.583,4759.227,116,280,0
1776827280,4759.168,4761.036,4758.977,4759.391,147,280,0
1776827340,4759.454,4759.744,4758.147,4759.253,145,280,0
1776827400,4759.259,4760.043,4757.761,4757.907,132,280,0
1776827460,4758.14,4758.922,4757.897,4758.512,101,280,0
1776827520,4758.468,4759.914,4758.028,4758.354,111,280,0
1776827580,4758.11,4758.332,4756.692,4757.957,112,280,0
1776827640,4757.619,4757.961,4756.897,4757.626,133,280,0
1776827700,4757.375,4758.818,4757.042,4758.492,114,280,0
1776827760,4758.516,4759.612,4758.312,4759.221,118,280,0
1776827820,4759.249,4759.435,4758.4,4759.126,134,280,0
1776827880,4759.208,4759.829,4758.39,4758.619,91,280,0
1776827940,4758.558,4758.85,4758.272,4758.506,65,280,0
1776828000,4758.668,4758.668,4756.68,4757.421,126,280,0
1776828060,4757.46,4759.536,4757.032,4758.547,134,280,0
1776828120,4758.735,4759.04,4758.29,4758.665,112,280,0
1776828180,4758.627,4759.867,4758.627,4759.588,89,280,0
1776828240,4759.749,4760.434,4759.211,4759.359,130,280,0
1776828300,4759.428,4760.023,4759.044,4759.75,105,280,0
1776828360,4759.756,4761.47,4759.691,4761.16,118,280,0
1776828420,4761.3,4761.511,4760.767,4761.285,111,280,0
1776828480,4760.958,4761.939,4760.808,4761.939,75,280,0
1776828540,4761.872,4763.467,4761.75,4762.954,127,280,0
1776828600,4762.943,4763.634,4762.491,4763.184,115,280,0
1776828660,4763.204,4764.625,4762.608,4764.427,125,280,0
1776828720,4764.441,4765.045,4763.754,4763.877,113,280,0
1776828780,4763.855,4763.983,4762.31,4762.454,102,280,0
1776828840,4762.323,4762.613,4760.874,4761.326,89,280,0
1776828900,4761.318,4761.318,4760.487,4761.304,94,280,0
1776828960,4761.328,4761.543,4760.67,4760.963,76,280,0
1776829020,4761.043,4761.237,4758.931,4759.005,115,280,0
1776829080,4758.98,4758.98,4757.109,4757.175,92,280,0
1776829140,4757.156,4759.351,4757.05,4758.383,126,280,0
1776829200,4758.407,4759.074,4757.458,4758.174,129,280,0
1776829260,4758.325,4758.378,4756.953,4757.732,100,280,0
1776829320,4757.724,4758.943,4757.468,4758.515,88,280,0
1776829380,4758.586,4759.763,4758.421,4758.769,90,280,0
1776829440,4758.842,4759.518,4758.657,4759.078,77,280,0
1776829500,4759.373,4760.282,4759.032,4759.114,95,280,0
1776829560,4759.117,4759.826,4758.872,4759.269,62,280,0
1776829620,4759.14,4759.822,4759.081,4759.628,61,280,0
1776829680,4759.584,4760.04,4759.374,4759.528,59,280,0
1776829740,4759.548,4759.586,4758.258,4758.783,90,280,0
1776829800,4758.781,4759.978,4758.721,4759.893,74,280,0
1776829860,4760.01,4760.405,4758.932,4759.411,83,280,0
1776829920,4759.407,4760.785,4759.407,4760.431,76,280,0
1776829980,4760.127,4760.41,4759.198,4759.421,69,280,0
1776830040,4759.436,4759.752,4757.804,4758.062,121,280,0
1776830100,4757.941,4758.262,4757.16,4757.415,99,280,0
1776830160,4757.477,4758.148,4757.234,4757.657,76,280,0
1776830220,4757.837,4759.102,4757.576,4759.027,101,280,0
1776830280,4759.096,4759.674,4758.646,4759.212,64,280,0
1776830340,4759.155,4759.478,4757.616,4758.242,128,280,0
1776830400,4758.289,4758.557,4757.748,4757.924,98,280,0
1776830460,4758.248,4758.435,4757.405,4758.175,77,280,0
1776830520,4758.404,4759.676,4758.196,4759.107,91,280,0
1776830580,4758.958,4759.114,4758.637,4758.927,81,280,0
1776830640,4758.955,4759.145,4758.523,4758.928,68,280,0
1776830700,4759.195,4759.195,4758.224,4758.841,55,280,0
1776830760,4758.864,4759.532,4758.519,4758.519,75,280,0
1776830820,4758.822,4758.949,4758.515,4758.895,43,280,0
1776830880,4758.581,4759.386,4758.528,4758.96,67,280,0
1776830940,4758.946,4759.169,4758.431,4758.431,45,280,0
1776831000,4758.174,4758.501,4757.904,4758.299,64,280,0
1776831060,4758.3,4758.573,4757.932,4758.128,53,280,0
1776831120,4758.189,4758.677,4757.684,4758.451,80,280,0
1776831180,4758.46,4758.719,4756.362,4757.097,148,280,0
1776831240,4757.172,4757.956,4757.131,4757.476,99,280,0
1776831300,4757.549,4757.763,4756.721,4756.892,89,280,0
1776831360,4757.146,4757.539,4756.755,4757.09,83,280,0
1776831420,4757.102,4757.102,4755.318,4755.484,105,280,0
1776831480,4755.693,4756.768,4755.595,4756.274,81,280,0
1776831540,4756.469,4756.694,4756.0,4756.365,84,280,0
1776831600,4756.15,4757.003,4755.75,4756.947,115,280,0
1776831660,4756.731,4757.018,4756.241,4756.263,114,280,0
1776831720,4756.524,4756.623,4755.8,4756.182,129,280,0
1776831780,4756.414,4756.981,4756.139,4756.755,61,280,0
1776831840,4757.036,4757.18,4755.941,4756.145,131,280,0
1776831900,4755.87,4756.286,4755.605,4755.871,106,280,0
1776831960,4755.814,4756.242,4755.306,4755.55,116,280,0
1776832020,4755.407,4755.873,4755.027,4755.192,207,280,0
1776832080,4755.461,4755.566,4754.291,4754.816,213,280,0
1776832140,4754.86,4756.506,4754.697,4755.725,88,280,0
1776832200,4755.996,4756.659,4755.397,4755.999,97,280,0
1776832260,4755.893,4756.634,4755.815,4756.406,85,280,0
1776832320,4756.411,4757.248,4756.397,4756.397,83,280,0
1776832380,4756.399,4756.812,4755.562,4756.262,97,280,0
1776832440,4756.15,4756.205,4754.93,4755.138,86,280,0
1776832500,4755.102,4755.395,4754.863,4755.27,68,280,0
1776832560,4755.282,4755.843,4755.101,4755.147,64,280,0
1776832620,4754.955,4755.227,4754.561,4755.192,64,280,0
1776832680,4755.231,4755.231,4754.202,4754.515,84,280,0
1776832740,4754.237,4754.631,4753.419,4753.886,87,280,0
1776832800,4753.888,4753.946,4752.649,4753.377,66,280,0
1776832860,4753.443,4754.491,4753.443,4754.153,84,280,0
1776832920,4754.434,4755.964,4754.284,4755.6,98,280,0
1776832980,4755.576,4756.089,4754.91,4755.773,79,280,0
1776833040,4756.024,4756.843,4755.518,4756.56,84,280,0
1776833100,4756.302,4757.925,4756.083,4757.925,123,280,0
1776833160,4757.762,4758.986,4757.762,4758.804,92,280,0
1776833220,4758.755,4759.168,4757.915,4758.717,85,280,0
1776833280,4758.737,4759.461,4758.518,4759.257,107,280,0
1776833340,4759.323,4759.525,4757.451,4757.945,109,280,0
1776833400,4757.894,4757.949,4755.319,4755.602,126,280,0
1776833460,4755.751,4756.352,4754.73,4755.096,121,280,0
1776833520,4755.039,4755.26,4754.209,4754.666,78,280,0
1776833580,4754.675,4754.868,4753.489,4754.663,125,280,0
1776833640,4754.581,4755.415,4754.387,4755.021,124,280,0
1776833700,4755.017,4755.098,4753.697,4754.08,84,280,0
1776833760,4754.254,4754.571,4752.881,4753.472,99,280,0
1776833820,4753.48,4753.48,4752.368,4753.171,109,280,0
1776833880,4753.297,4753.996,4752.97,4753.159,92,280,0
1776833940,4753.219,4755.194,4753.219,4754.492,110,280,0
1776834000,4754.435,4754.787,4753.107,4754.441,123,280,0
1776834060,4754.392,4755.061,4754.041,4754.543,85,280,0
1776834120,4754.444,4754.528,4752.707,4753.02,94,280,0
1776834180,4752.942,4753.247,4752.265,4752.495,86,280,0
1776834240,4752.251,4753.132,4752.163,4753.121,100,280,0
1776834300,4753.137,4753.713,4752.697,4752.811,81,280,0
1776834360,4752.84,4753.474,4752.366,4753.474,71,280,0
1776834420,4753.592,4754.824,4752.947,4754.824,93,280,0
1776834480,4754.824,4755.301,4754.183,4754.92,108,280,0
1776834540,4754.92,4755.909,4754.92,4755.585,96,280,0
1776834600,4755.587,4756.768,4755.478,4755.498,93,280,0
1776834660,4755.496,4756.327,4754.271,4754.593,108,280,0
1776834720,4754.695,4756.674,4754.508,4756.624,86,280,0
1776834780,4756.417,4756.955,4756.417,4756.615,71,280,0
1776834840,4756.599,4756.882,4756.368,4756.882,84,280,0
1776834900,4757.015,4757.015,4756.159,4756.393,76,280,0
1776834960,4756.325,4767.629,4756.325,4761.695,1045,280,0
1776835020,4761.584,4763.6,4760.787,4762.307,355,280,0
1776835080,4762.202,4766.737,4761.699,4766.737,324,280,0
1776835140,4766.662,4769.397,4766.577,4768.37,294,280,0
1776835200,4768.427,4770.836,4768.273,4769.999,297,280,0
1776835260,4770.018,4771.295,4768.648,4770.955,281,280,0
1776835320,4771.194,4771.562,4769.452,4771.128,178,280,0
1776835380,4770.8,4771.097,4769.667,4769.839,197,280,0
1776835440,4769.781,4770.248,4768.642,4768.642,146,280,0
1776835500,4768.876,4771.049,4768.237,4769.617,178,280,0
1776835560,4769.441,4769.706,4766.501,4766.87,190,280,0
1776835620,4766.879,4767.01,4765.926,4767.01,158,280,0
1776835680,4766.803,4767.364,4765.788,4766.088,136,280,0
1776835740,4766.383,4766.383,4764.711,4766.142,139,280,0
1776835800,4766.142,4767.065,4764.278,4764.634,243,280,0
1776835860,4764.694,4765.267,4763.824,4764.996,213,280,0
1776835920,4764.975,4767.095,4764.682,4766.95,142,280,0
1776835980,4766.668,4766.919,4764.2,4764.864,156,280,0
1776836040,4764.906,4766.021,4764.463,4765.531,209,280,0
1776836100,4765.758,4766.876,4765.193,4766.807,137,280,0
1776836160,4766.607,4768.341,4766.243,4767.634,138,280,0
1776836220,4767.505,4768.169,4766.478,4766.486,121,280,0
1776836280,4766.562,4767.867,4766.341,4767.324,122,280,0
1776836340,4767.531,4767.558,4766.421,4766.677,135,280,0
1776836400,4766.616,4766.621,4764.777,4766.203,170,280,0
1776836460,4766.258,4766.258,4764.909,4765.088,113,280,0
1776836520,4765.156,4766.357,4765.087,4765.752,116,280,0
1776836580,4765.719,4767.9,4765.483,4767.516,132,280,0
1776836640,4767.353,4769.334,4767.174,4767.373,145,280,0
1776836700,4767.115,4768.381,4765.881,4768.141,221,280,0
1776836760,4768.242,4770.891,4767.872,4770.254,226,280,0
1776836820,4770.232,4770.383,4769.608,4769.608,103,280,0
1776836880,4769.603,4770.292,4768.163,4768.163,147,280,0
1776836940,4768.464,4769.972,4768.223,4768.919,108,280,0
1776837000,4769.185,4770.002,4768.426,4769.855,106,280,0
1776837060,4769.821,4770.372,4769.286,4769.654,132,280,0
1776837120,4769.668,4772.175,4768.593,4768.967,182,280,0
1776837180,4768.84,4769.933,4768.193,4769.456,150,280,0
1776837240,4769.462,4770.068,4767.589,4768.131,220,280,0
1776837300,4768.176,4768.176,4766.002,4766.284,176,280,0
1776837360,4766.219,4768.003,4764.895,4765.191,166,280,0
1776837420,4765.192,4765.826,4764.328,4765.562,130,280,0
1776837480,4765.589,4768.531,4765.115,4768.284,188,280,0
1776837540,4768.151,4768.565,4767.266,4767.512,113,280,0
1776837600,4767.471,4767.788,4762.748,4763.269,186,280,0
1776837660,4763.332,4763.406,4761.564,4761.564,119,280,0
1776837720,4761.505,4761.728,4759.427,4760.164,137,280,0
1776837780,4760.241,4762.758,4759.944,4759.976,209,280,0
1776837840,4759.918,4760.766,4759.438,4759.498,159,280,0
1776837900,4759.191,4763.141,4758.828,4763.02,243,280,0
1776837960,4762.802,4762.915,4761.508,4762.463,161,280,0
1776838020,4762.545,4762.771,4761.323,4761.323,93,280,0
1776838080,4761.327,4762.191,4761.034,4761.77,137,280,0
1776838140,4761.711,4761.907,4760.195,4760.731,104,280,0
1776838200,4760.687,4761.697,4760.457,4761.355,88,280,0
1776838260,4761.298,4762.082,4760.994,4761.744,97,280,0
1776838320,4761.703,4762.828,4761.327,4761.34,96,280,0
1776838380,4761.245,4762.677,4760.917,4762.451,107,280,0
1776838440,4762.47,4763.037,4761.923,4762.525,102,280,0
1776838500,4762.469,4763.446,4762.07,4763.356,94,280,0
1776838560,4763.372,4763.527,4762.589,4763.021,88,280,0
1776838620,4763.057,4763.057,4760.416,4760.658,105,280,0
1776838680,4760.811,4762.74,4760.563,4762.57,150,280,0
1776838740,4762.637,4763.93,4762.637,4763.501,94,280,0
1776838800,4763.394,4764.392,4763.153,4764.237,76,280,0
1776838860,4764.04,4764.36,4763.436,4763.805,78,280,0
1776838920,4763.829,4764.98,4762.713,4762.986,137,280,0
1776838980,4763.129,4763.496,4762.902,4763.316,80,280,0
1776839040,4763.318,4763.683,4762.763,4763.211,93,280,0
1776839100,4763.224,4763.558,4762.415,4763.211,89,280,0
1776839160,4762.937,4763.628,4762.643,4763.093,93,280,0
1776839220,4763.365,4764.354,4763.172,4763.931,77,280,0
1776839280,4763.938,4764.905,4763.841,4764.299,104,280,0
1776839340,4764.295,4767.313,4764.295,4766.89,135,280,0
1776839400,4766.822,4767.848,4765.93,4766.04,161,280,0
1776839460,4765.959,4766.68,4765.514,4766.145,95,280,0
1776839520,4766.182,4766.203,4764.762,4765.279,115,280,0
1776839580,4765.243,4766.345,4765.157,4765.556,118,280,0
1776839640,4765.728,4766.579,4765.728,4765.74,113,280,0
1776839700,4765.952,4766.326,4765.091,4765.476,118,280,0
1776839760,4765.467,4765.848,4765.177,4765.247,76,280,0
1776839820,4765.523,4765.704,4764.379,4764.713,107,280,0
1776839880,4764.984,4765.411,4764.727,4765.097,96,280,0
1776839940,4765.361,4765.361,4764.193,4764.673,80,280,0
1776840000,4764.611,4765.112,4764.363,4764.593,118,280,0
1776840060,4764.78,4765.304,4764.599,4765.145,73,280,0
1776840120,4765.086,4766.259,4764.593,4764.983,91,280,0
1776840180,4764.959,4765.244,4764.315,4765.244,95,280,0
1776840240,4764.937,4765.088,4763.731,4763.814,72,280,0
1776840300,4763.502,4765.026,4763.383,4764.858,127,280,0
1776840360,4764.865,4766.119,4764.865,4766.119,83,280,0
1776840420,4766.306,4766.306,4764.008,4764.521,89,280,0
1776840480,4764.523,4766.287,4764.43,4764.849,139,280,0
1776840540,4764.842,4765.965,4764.613,4765.903,134,280,0
1776840600,4765.841,4767.111,4765.777,4766.771,86,280,0
1776840660,4766.709,4767.581,4766.497,4767.136,91,280,0
1776840720,4767.074,4767.4,4766.314,4767.151,108,280,0
1776840780,4767.18,4767.229,4766.08,4766.475,83,280,0
1776840840,4766.335,4766.722,4765.512,4766.376,106,280,0
1776840900,4766.662,4767.109,4766.095,4766.478,81,280,0
1776840960,4766.49,4767.301,4766.375,4766.807,90,280,0
1776841020,4766.649,4767.551,4766.519,4767.316,72,280,0
1776841080,4767.452,4767.863,4766.874,4767.265,78,280,0
1776841140,4766.962,4767.614,4766.491,4767.45,114,280,0
1776841200,4767.39,4769.843,4766.879,4769.129,178,280,0
1776841260,4769.231,4770.309,4768.171,4768.483,173,280,0
1776841320,4768.609,4769.075,4766.812,4768.772,161,280,0
1776841380,4768.847,4769.259,4768.1,4768.755,122,280,0
1776841440,4768.679,4768.941,4767.868,4768.704,117,280,0
1776841500,4768.775,4768.983,4767.216,4768.498,135,280,0
1776841560,4768.46,4771.273,4768.46,4771.217,109,280,0
1776841620,4771.144,4771.144,4769.272,4770.147,138,280,0
1776841680,4770.142,4772.287,4769.98,4770.838,135,280,0
1776841740,4770.804,4771.375,4769.838,4770.119,100,280,0
1776841800,4769.839,4769.974,4767.536,4767.92,136,280,0
1776841860,4767.85,4767.999,4765.62,4765.62,119,280,0
1776841920,4765.275,4767.266,4765.141,4767.2,106,280,0
1776841980,4767.413,4767.413,4765.8,4766.668,110,280,0
1776842040,4766.748,4766.748,4765.565,4765.742,141,280,0
1776842100,4765.677,4765.677,4763.376,4764.632,148,280,0
1776842160,4764.682,4765.538,4763.934,4765.076,131,280,0
1776842220,4765.13,4765.254,4762.758,4763.2,173,280,0
1776842280,4763.179,4764.016,4762.329,4763.885,121,280,0
1776842340,4763.917,4764.036,4763.148,4763.779,89,280,0
1776842400,4763.508,4765.557,4763.508,4765.557,112,280,0
1776842460,4765.772,4766.568,4764.813,4765.215,174,280,0
1776842520,4765.205,4767.958,4765.198,4766.408,150,280,0
1776842580,4766.536,4766.648,4763.909,4764.459,117,280,0
1776842640,4764.518,4766.214,4763.844,4766.135,119,280,0
1776842700,4766.076,4767.922,4765.374,4765.93,135,280,0
1776842760,4765.703,4766.376,4764.37,4764.965,126,280,0
1776842820,4764.994,4765.848,4763.345,4765.285,133,280,0
1776842880,4765.213,4766.346,4765.156,4766.305,99,280,0
1776842940,4766.24,4766.82,4765.612,4766.175,118,280,0
1776843000,4765.849,4766.442,4765.334,4765.637,128,280,0
1776843060,4765.631,4766.355,4764.553,4764.918,122,280,0
1776843120,4764.949,4765.8,4764.509,4764.95,116,280,0
1776843180,4765.12,4766.021,4764.315,4764.315,121,280,0
1776843240,4764.58,4764.826,4763.691,4764.329,100,280,0
1776843300,4764.336,4765.203,4764.336,4764.826,92,280,0
1776843360,4764.758,4766.351,4764.657,4766.026,94,280,0
1776843420,4765.841,4766.084,4765.034,4765.102,80,280,0
1776843480,4765.072,4765.423,4764.304,4765.197,115,280,0
1776843540,4765.105,4766.633,4764.68,4764.901,108,280,0
1776843600,4764.835,4764.835,4761.94,4762.744,138,280,0
1776843660,4762.633,4764.175,4762.395,4763.423,144,280,0
1776843720,4763.481,4764.086,4762.472,4763.096,147,280,0
1776843780,4763.088,4764.213,4762.624,4763.823,164,280,0
1776843840,4763.753,4763.753,4762.891,4763.613,103,280,0
1776843900,4763.831,4764.012,4761.418,4761.636,179,280,0
1776843960,4761.818,4762.72,4761.397,4762.713,129,280,0
1776844020,4763.053,4764.409,4762.651,4764.002,141,280,0
1776844080,4763.938,4764.026,4762.492,4762.677,109,280,0
1776844140,4762.629,4762.708,4760.947,4761.218,104,280,0
1776844200,4761.332,4761.729,4760.975,4761.353,87,280,0
1776844260,4761.438,4762.334,4761.116,4761.675,106,280,0
1776844320,4761.53,4762.057,4760.349,4760.821,107,280,0
1776844380,4761.041,4761.041,4759.452,4760.109,140,280,0
1776844440,4760.211,4760.792,4759.986,4760.318,148,280,0
1776844500,4760.363,4761.965,4760.28,4761.807,108,280,0
1776844560,4761.532,4763.295,4761.401,4762.915,136,280,0
1776844620,4762.975,4763.186,4762.019,4762.187,132,280,0
1776844680,4762.22,4762.398,4761.002,4761.068,104,280,0
1776844740,4761.077,4761.399,4760.376,4760.633,104,280,0
1776844800,4760.64,4761.744,4760.452,4761.405,140,280,0
1776844860,4761.409,4761.782,4759.556,4760.276,163,280,0
1776844920,4760.276,4760.458,4758.998,4759.59,137,280,0
1776844980,4759.376,4759.986,4759.157,4759.627,86,280,0
1776845040,4759.882,4759.992,4758.767,4759.53,128,280,0
1776845100,4759.328,4760.849,4759.125,4760.574,126,280,0
1776845160,4760.51,4760.901,4758.93,4760.604,139,280,0
1776845220,4760.65,4761.464,4760.491,4760.856,117,280,0
1776845280,4760.81,4760.969,4759.584,4759.91,114,280,0
1776845340,4759.789,4760.749,4759.583,4759.99,119,280,0
1776845400,4760.096,4761.547,4759.476,4761.148,137,280,0
1776845460,4761.033,4762.34,4760.669,4761.797,159,280,0
1776845520,4761.862,4762.123,4760.98,4761.277,132,280,0
1776845580,4761.149,4761.281,4759.332,4759.553,155,280,0
1776845640,4759.541,4759.741,4757.703,4757.988,123,280,0
1776845700,4758.033,4758.143,4756.772,4756.801,152,280,0
1776845760,4756.885,4758.829,4756.078,4758.592,189,280,0
1776845820,4758.418,4759.304,4758.293,4758.999,117,280,0
1776845880,4758.997,4759.668,4758.862,4759.005,99,280,0
1776845940,4759.054,4759.488,4757.941,4758.569,135,280,0
1776846000,4758.894,4759.112,4758.281,4758.507,94,280,0
1776846060,4758.445,4758.59,4756.902,4757.547,120,280,0
1776846120,4757.721,4757.721,4755.248,4756.121,157,280,0
1776846180,4756.159,4756.75,4754.379,4755.295,196,280,0
1776846240,4755.278,4755.928,4754.606,4754.787,159,280,0
1776846300,4754.722,4755.795,4754.295,4755.365,161,280,0
1776846360,4755.38,4756.247,4754.826,4755.583,122,280,0
1776846420,4755.56,4756.417,4755.321,4755.735,99,280,0
1776846480,4755.891,4755.934,4754.776,4755.003,111,280,0
1776846540,4755.166,4755.537,4754.134,4754.289,134,280,0
1776846600,4754.209,4755.523,4753.804,4755.177,140,280,0
1776846660,4755.117,4755.515,4753.955,4755.399,108,280,0
1776846720,4755.178,4756.904,4754.9,4755.066,118,280,0
1776846780,4755.074,4755.074,4752.709,4753.014,185,280,0
1776846840,4753.279,4753.408,4752.651,4753.057,132,280,0
1776846900,4753.061,4753.609,4752.527,4752.611,149,280,0
1776846960,4752.67,4752.988,4751.915,4752.474,173,280,0
1776847020,4752.474,4752.858,4751.779,4752.794,118,280,0
1776847080,4752.737,4753.09,4752.475,4752.6,101,280,0
1776847140,4752.616,4754.071,4752.518,4753.407,110,280,0
1776847200,4753.395,4753.766,4752.119,4753.092,132,280,0
1776847260,4753.432,4754.093,4752.462,4752.7,112,280,0
1776847320,4752.838,4754.935,4752.621,4754.622,94,280,0
1776847380,4754.559,4755.359,4754.236,4755.359,107,280,0
1776847440,4755.232,4755.983,4754.779,4755.791,119,280,0
1776847500,4755.765,4756.485,4755.621,4755.714,116,280,0
1776847560,4755.653,4756.645,4755.391,4756.403,103,280,0
1776847620,4756.34,4756.34,4754.611,4754.882,115,280,0
1776847680,4754.881,4755.261,4754.093,4754.998,114,280,0
1776847740,4754.993,4755.781,4754.893,4755.152,102,280,0
1776847800,4755.445,4755.533,4754.275,4754.275,68,280,0
1776847860,4754.492,4756.563,4753.662,4756.475,113,280,0
1776847920,4756.34,4757.576,4756.093,4756.398,112,280,0
1776847980,4756.474,4757.354,4756.474,4756.966,84,280,0
1776848040,4756.907,4757.387,4756.28,4757.109,96,280,0
1776848100,4757.042,4757.44,4756.652,4757.309,104,280,0
1776848160,4757.054,4758.099,4756.972,4757.961,80,280,0
1776848220,4757.865,4758.501,4757.675,4757.846,108,280,0
1776848280,4757.789,4757.958,4756.85,4757.405,128,280,0
1776848340,4757.438,4757.824,4756.991,4757.061,72,280,0
1776848400,4757.038,4760.558,4756.541,4758.335,447,280,0
1776848460,4758.382,4760.009,4758.102,4759.636,196,280,0
1776848520,4759.7,4759.903,4758.846,4759.099,141,280,0
1776848580,4759.114,4759.917,4758.968,4759.397,115,280,0
1776848640,4759.333,4760.772,4759.178,4759.87,116,280,0
1776848700,4759.621,4760.352,4759.513,4759.815,104,280,0
1776848760,4759.722,4761.631,4759.307,4760.767,124,280,0
1776848820,4760.988,4760.988,4759.751,4760.938,118,280,0
1776848880,4760.876,4761.737,4759.779,4759.908,144,280,0
1776848940,4760.143,4761.079,4760.052,4760.925,100,280,0
1776849000,4760.663,4761.102,4759.599,4759.975,107,280,0
1776849060,4760.035,4760.943,4759.902,4760.144,92,280,0
1776849120,4760.384,4760.588,4759.571,4760.003,130,280,0
1776849180,4760.013,4760.573,4759.538,4759.631,107,280,0
1776849240,4759.934,4760.701,4759.57,4760.678,104,280,0
1776849300,4760.432,4761.275,4760.35,4761.132,112,280,0
1776849360,4761.136,4761.733,4760.593,4761.247,110,280,0
1776849420,4761.311,4761.683,4760.78,4760.841,84,280,0
1776849480,4760.78,4761.05,4760.108,4760.746,89,280,0
1776849540,4760.63,4761.065,4759.998,4760.345,93,280,0
1776849600,4760.324,4760.885,4759.462,4760.569,117,280,0
1776849660,4760.613,4761.553,4760.297,4761.042,101,280,0
1776849720,4760.932,4761.961,4760.75,4761.01,95,280,0
1776849780,4761.192,4761.655,4760.701,4761.142,104,280,0
1776849840,4761.148,4761.745,4760.406,4760.829,104,280,0
1776849900,4760.625,4761.023,4759.906,4759.991,86,280,0
1776849960,4760.18,4760.18,4758.289,4758.56,108,280,0
1776850020,4758.457,4758.457,4757.239,4757.349,79,280,0
1776850080,4757.358,4758.974,4757.358,4758.547,101,280,0
1776850140,4758.721,4758.721,4756.159,4756.507,111,280,0
1776850200,4756.348,4757.181,4755.256,4755.317,141,280,0
1776850260,4755.375,4756.077,4755.08,4756.001,132,280,0
1776850320,4756.123,4757.004,4755.671,4756.568,141,280,0
1776850380,4756.728,4757.007,4756.325,4756.372,152,280,0
1776850440,4756.359,4756.801,4755.848,4756.248,111,280,0
1776850500,4755.999,4756.91,4755.957,4756.746,124,280,0
1776850560,4756.752,4757.218,4756.319,4756.56,80,280,0
1776850620,4756.782,4757.432,4756.547,4757.165,87,280,0
1776850680,4757.311,4757.389,4756.358,4757.124,94,280,0
1776850740,4757.167,4758.532,4757.159,4758.523,114,280,0
1776850800,4758.462,4759.779,4758.462,4759.51,86,280,0
1776850860,4759.517,4761.732,4759.517,4761.361,93,280,0
1776850920,4761.401,4762.476,4760.286,4760.286,125,280,0
1776850980,4760.438,4760.507,4758.896,4759.624,79,280,0
1776851040,4759.732,4759.732,4757.988,4758.413,110,280,0
1776851100,4758.262,4759.121,4757.336,4757.336,104,280,0
1776851160,4756.995,4757.113,4755.931,4756.455,110,280,0
1776851220,4756.6,4757.079,4756.073,4756.878,76,280,0
1776851280,4756.846,4757.622,4756.823,4756.923,85,280,0
1776851340,4756.633,4757.712,4756.154,4757.695,100,280,0
1776851400,4757.664,4758.205,4756.61,4757.207,91,280,0
1776851460,4757.278,4757.637,4756.985,4757.371,71,280,0
1776851520,4757.162,4757.674,4756.292,4756.292,91,280,0
1776851580,4756.361,4756.509,4755.217,4755.416,121,280,0
1776851640,4755.59,4755.654,4753.839,4754.774,185,280,0
1776851700,4754.78,4755.18,4752.181,4753.415,201,280,0
1776851760,4753.631,4754.924,4752.914,4754.234,167,280,0
1776851820,4754.004,4755.807,4754.004,4755.763,118,280,0
1776851880,4755.686,4756.618,4755.385,4756.016,119,280,0
1776851940,4755.959,4755.99,4754.831,4755.026,120,280,0
1776852000,4755.366,4756.137,4754.99,4756.137,113,280,0
1776852060,4756.182,4757.663,4754.444,4754.721,125,280,0
1776852120,4754.437,4754.504,4750.604,4750.604,176,280,0
1776852180,4750.827,4751.061,4747.921,4750.425,286,280,0
1776852240,4750.403,4751.43,4748.794,4748.963,174,280,0
1776852300,4749.021,4750.87,4748.912,4750.636,188,280,0
1776852360,4750.514,4751.876,4750.421,4751.305,128,280,0
1776852420,4751.439,4751.8,4750.578,4750.775,143,280,0
1776852480,4750.508,4751.012,4750.163,4750.277,90,280,0
1776852540,4750.547,4750.93,4747.109,4748.622,264,280,0
1776852600,4748.653,4748.862,4747.64,4748.295,170,280,0
1776852660,4748.293,4749.429,4748.293,4749.02,114,280,0
1776852720,4749.315,4749.466,4746.85,4747.333,180,280,0
1776852780,4747.295,4747.773,4745.696,4747.773,201,280,0
1776852840,4748.015,4749.603,4747.731,4748.589,127,280,0
1776852900,4748.529,4749.892,4748.165,4749.568,112,280,0
1776852960,4749.894,4752.479,4749.601,4751.927,114,280,0
1776853020,4751.882,4752.137,4751.565,4752.137,111,280,0
1776853080,4752.148,4753.368,4752.047,4753.232,93,280,0
1776853140,4753.296,4754.195,4753.207,4753.468,110,280,0
1776853200,4753.55,4754.783,4753.276,4754.643,129,280,0
1776853260,4754.739,4756.132,4754.654,4755.037,114,280,0
1776853320,4754.917,4755.294,4753.923,4754.13,108,280,0
1776853380,4754.15,4754.598,4752.441,4752.441,119,280,0
1776853440,4752.388,4752.395,4749.709,4750.601,133,280,0
1776853500,4750.621,4752.029,4749.986,4751.335,128,280,0
1776853560,4751.507,4753.265,4751.507,4752.873,95,280,0
1776853620,4752.839,4753.852,4752.566,4753.108,96,280,0
1776853680,4753.114,4753.761,4752.501,4753.756,110,280,0
1776853740,4753.78,4754.82,4753.718,4754.519,99,280,0
1776853800,4754.505,4755.66,4753.568,4755.471,112,280,0
1776853860,4755.27,4756.34,4754.553,4755.864,108,280,0
1776853920,4755.872,4756.147,4754.971,4755.489,91,280,0
1776853980,4755.489,4756.507,4755.489,4755.99,69,280,0
1776854040,4755.846,4758.57,4755.135,4757.904,134,280,0
1776854100,4757.907,4759.366,4757.907,4758.93,133,280,0
1776854160,4758.932,4759.24,4758.242,4758.871,100,308,0
1776854220,4758.845,4758.845,4757.391,4757.601,101,280,0
1776854280,4757.573,4758.427,4756.233,4757.134,140,280,0
1776854340,4757.094,4758.399,4757.067,4757.346,134,280,0
1776854400,4757.428,4757.497,4755.793,4755.793,117,280,0
1776854460,4755.725,4756.185,4754.971,4754.979,113,280,0
1776854520,4755.069,4755.364,4754.245,4754.763,98,280,0
1776854580,4754.769,4755.942,4754.597,4755.46,81,280,0
1776854640,4755.501,4756.521,4754.983,4756.242,104,280,0
1776854700,4756.308,4756.592,4755.812,4755.826,74,280,0
1776854760,4755.829,4756.392,4755.124,4755.606,106,280,0
1776854820,4755.26,4756.575,4755.014,4756.166,111,280,0
1776854880,4756.206,4756.999,4755.482,4756.719,108,280,0
1776854940,4756.651,4757.859,4756.373,4756.945,112,280,0
1776855000,4757.106,4758.503,4756.811,4757.489,107,280,0
1776855060,4757.614,4757.965,4756.529,4756.769,93,280,0
1776855120,4756.717,4757.263,4756.23,4756.306,91,280,0
1776855180,4756.557,4757.385,4756.484,4757.141,89,280,0
1776855240,4756.882,4757.742,4756.819,4757.188,77,280,0
1776855300,4757.407,4757.407,4755.99,4756.9,122,280,0
1776855360,4757.008,4758.021,4756.585,4757.875,99,280,0
1776855420,4757.885,4758.801,4757.717,4758.801,70,280,0
1776855480,4758.83,4759.181,4758.421,4758.923,95,280,0
1776855540,4758.918,4760.026,4758.78,4759.125,108,280,0
1776855600,4759.086,4760.429,4758.821,4759.603,122,280,0
1776855660,4759.663,4760.073,4758.691,4759.418,142,280,0
1776855720,4759.51,4760.141,4759.079,4759.541,112,280,0
1776855780,4759.61,4759.932,4758.32,4758.427,118,280,0
1776855840,4758.747,4758.982,4756.256,4757.645,196,280,0
1776855900,4757.582,4758.182,4757.172,4757.302,149,280,0
1776855960,4757.382,4758.24,4757.084,4757.776,124,280,0
1776856020,4757.768,4758.108,4757.418,4757.735,88,280,0
1776856080,4757.738,4758.902,4757.277,4757.933,103,280,0
1776856140,4757.923,4757.923,4756.458,4756.613,105,280,0
1776856200,4756.675,4757.391,4756.497,4756.962,98,280,0
1776856260,4757.24,4757.884,4756.461,4756.925,91,280,0
1776856320,4756.783,4758.247,4756.751,4758.004,84,280,0
1776856380,4757.836,4758.691,4757.706,4758.446,114,280,0
1776856440,4758.383,4758.383,4757.13,4757.13,108,280,0
1776856500,4757.287,4759.456,4757.05,4758.248,123,280,0
1776856560,4758.172,4759.191,4757.408,4758.863,119,280,0
1776856620,4758.932,4760.12,4758.865,4759.594,84,280,0
1776856680,4759.52,4760.775,4758.305,4759.604,147,280,0
1776856740,4759.389,4760.531,4759.265,4759.594,129,280,0
1776856800,4759.713,4760.231,4759.467,4760.102,90,280,0
1776856860,4760.121,4760.732,4759.649,4760.355,107,280,0
1776856920,4760.542,4760.542,4758.473,4758.543,97,280,0
1776856980,4758.604,4758.604,4756.903,4758.089,130,280,0
1776857040,4758.343,4759.329,4756.997,4757.294,123,280,0
1776857100,4757.066,4758.438,4756.257,4758.099,118,280,0
1776857160,4757.997,4758.856,4757.501,4757.575,98,280,0
1776857220,4757.757,4758.179,4757.333,4758.014,96,280,0
1776857280,4758.023,4758.857,4757.174,4757.174,117,280,0
1776857340,4757.414,4757.414,4756.283,4757.366,106,280,0
1776857400,4757.152,4758.68,4757.152,4757.993,135,280,0
1776857460,4758.052,4759.643,4757.706,4759.242,110,280,0
1776857520,4759.282,4759.62,4758.884,4759.62,100,280,0
1776857580,4759.31,4759.672,4757.576,4757.674,108,280,0
1776857640,4757.666,4757.699,4756.784,4757.494,129,280,0
1776857700,4757.473,4758.249,4756.896,4758.249,120,280,0
1776857760,4757.949,4758.31,4757.089,4757.261,126,280,0
1776857820,4757.2,4757.351,4756.045,4756.511,118,280,0
1776857880,4756.5,4756.5,4755.047,4755.387,150,280,0
1776857940,4755.399,4755.971,4754.74,4754.895,157,280,0
1776858000,4754.834,4755.315,4752.03,4752.714,167,280,0
1776858060,4752.773,4753.26,4751.085,4751.162,145,280,0
1776858120,4751.499,4752.88,4750.119,4752.401,218,280,0
1776858180,4752.343,4753.206,4749.267,4749.938,205,280,0
1776858240,4749.876,4750.081,4748.373,4748.73,194,280,0
1776858300,4748.789,4750.577,4747.998,4748.55,200,280,0
1776858360,4748.504,4750.663,4748.299,4749.459,182,280,0
1776858420,4749.395,4749.748,4747.705,4749.151,206,280,0
1776858480,4749.178,4752.484,4748.575,4752.484,197,280,0
1776858540,4752.562,4753.082,4751.16,4751.761,152,280,0
1776858600,4751.863,4752.774,4751.443,4752.627,111,280,0
1776858660,4752.701,4753.203,4751.932,4752.452,114,280,0
1776858720,4752.391,4752.422,4750.7,4751.771,123,280,0
1776858780,4751.785,4751.954,4750.313,4751.235,110,280,0
1776858840,4750.927,4751.502,4750.118,4750.923,139,280,0
1776858900,4750.89,4751.034,4749.569,4749.815,152,280,0
1776858960,4749.749,4751.137,4749.148,4750.508,137,280,0
1776859020,4750.498,4751.329,4750.23,4750.858,113,280,0
1776859080,4750.726,4751.328,4750.263,4751.207,75,280,0
1776859140,4750.924,4751.12,4749.493,4750.547,102,280,0
1776859200,4750.335,4752.865,4750.335,4752.343,168,280,0
1776859260,4752.388,4755.508,4752.212,4754.257,155,280,0
1776859320,4754.199,4755.078,4753.928,4755.078,100,280,0
1776859380,4755.08,4755.793,4754.971,4755.1,93,280,0
1776859440,4755.165,4757.472,4755.165,4756.454,197,280,0
1776859500,4756.744,4757.01,4755.187,4755.513,135,280,0
1776859560,4755.571,4756.208,4754.518,4754.893,114,280,0
1776859620,4754.904,4755.935,4752.973,4754.075,185,280,0
1776859680,4754.092,4754.335,4752.134,4752.946,122,280,0
1776859740,4753.005,4753.189,4751.272,4752.978,164,280,0
1776859800,4752.652,4752.933,4750.945,4751.558,162,280,0
1776859860,4751.553,4751.633,4749.9,4750.359,142,280,0
1776859920,4750.368,4751.024,4749.575,4750.521,164,280,0
1776859980,4750.585,4752.298,4749.97,4752.05,184,280,0
1776860040,4751.915,4752.852,4751.336,4752.238,162,280,0
1776860100,4752.148,4752.624,4751.37,4751.887,129,280,0
1776860160,4751.608,4751.672,4750.729,4750.82,102,280,0
1776860220,4750.736,4750.796,4747.624,4748.643,149,280,0
1776860280,4748.666,4749.122,4747.759,4748.607,140,280,0
1776860340,4748.61,4749.656,4747.794,4747.91,139,280,0
1776860400,4747.852,4749.276,4746.992,4748.894,221,280,0
1776860460,4748.631,4751.414,4748.631,4751.294,145,280,0
1776860520,4751.355,4752.192,4750.79,4751.952,128,280,0
1776860580,4751.922,4752.519,4750.564,4751.016,122,280,0
1776860640,4751.074,4752.142,4750.636,4751.464,125,280,0
1776860700,4751.65,4755.294,4751.65,4754.853,159,280,0
1776860760,4754.829,4756.659,4753.682,4755.773,209,280,0
1776860820,4755.832,4756.08,4753.712,4753.712,186,280,0
1776860880,4753.827,4758.493,4753.764,4758.493,207,280,0
1776860940,4758.384,4760.134,4752.608,4753.221,569,280,0
1776861000,4753.163,4753.163,4749.107,4749.614,392,280,0
1776861060,4749.671,4750.704,4748.939,4750.704,236,280,0
1776861120,4750.641,4752.097,4750.372,4752.029,205,280,0
1776861180,4751.851,4754.015,4751.439,4753.38,198,280,0
1776861240,4753.441,4754.268,4752.688,4753.299,208,280,0
1776861300,4753.371,4753.371,4747.849,4747.849,286,280,0
1776861360,4748.032,4748.947,4747.17,4748.853,271,280,0
1776861420,4748.785,4750.586,4748.542,4750.37,173,280,0
1776861480,4750.432,4750.432,4748.955,4750.02,137,280,0
1776861540,4749.682,4751.14,4749.194,4750.471,146,280,0
1776861600,4750.462,4750.501,4748.686,4749.708,154,280,0
1776861660,4749.389,4750.031,4745.656,4748.612,348,280,0
1776861720,4748.372,4749.471,4745.741,4746.239,234,280,0
1776861780,4746.263,4749.204,4745.983,4747.913,207,280,0
1776861840,4747.932,4748.407,4745.776,4746.677,193,280,0
1776861900,4746.896,4747.928,4746.016,4747.172,207,280,0
1776861960,4747.094,4748.262,4745.894,4747.868,151,280,0
1776862020,4748.001,4748.483,4746.443,4747.039,148,280,0
1776862080,4746.933,4747.111,4743.199,4743.949,208,280,0
1776862140,4743.848,4744.551,4742.831,4744.247,208,280,0
1776862200,4744.309,4744.997,4743.329,4744.849,234,280,0
1776862260,4744.571,4745.497,4743.281,4744.895,211,280,0
1776862320,4744.905,4745.299,4743.01,4744.368,207,280,0
1776862380,4744.292,4746.526,4743.663,4746.222,167,280,0
1776862440,4746.344,4747.034,4745.481,4746.34,138,280,0
1776862500,4746.281,4746.61,4745.17,4745.2,134,280,0
1776862560,4745.154,4745.854,4743.905,4745.768,181,280,0
1776862620,4745.845,4746.164,4745.038,4746.002,121,280,0
1776862680,4745.948,4746.136,4743.709,4744.003,161,280,0
1776862740,4744.213,4744.884,4743.627,4744.318,153,280,0
1776862800,4744.238,4747.387,4742.254,4742.638,365,280,0
1776862860,4742.719,4744.355,4741.826,4743.511,349,280,0
1776862920,4743.446,4743.446,4740.366,4740.54,292,280,0
1776862980,4740.614,4743.098,4740.508,4741.947,282,280,0
1776863040,4741.997,4743.092,4741.068,4741.703,217,280,0
1776863100,4741.644,4741.983,4739.441,4740.425,214,280,0
1776863160,4740.367,4742.199,4740.146,4740.595,214,280,0
1776863220,4740.804,4741.999,4740.39,4741.581,142,280,0
1776863280,4741.705,4743.159,4739.587,4740.098,254,280,0
1776863340,4740.183,4750.648,4739.06,4745.016,1131,280,0
1776863400,4744.806,4744.864,4740.299,4742.657,364,280,0
1776863460,4742.724,4744.303,4741.206,4742.399,209,280,0
1776863520,4742.549,4742.768,4741.514,4741.668,181,280,0
1776863580,4741.972,4742.614,4741.011,4741.801,182,280,0
1776863640,4741.743,4743.404,4741.448,4742.268,172,280,0
1776863700,4742.302,4742.61,4740.415,4741.112,172,280,0
1776863760,4741.047,4741.615,4738.912,4739.078,229,280,0
1776863820,4738.966,4739.618,4737.765,4738.745,189,280,0
1776863880,4738.688,4738.688,4736.304,4738.232,243,280,0
1776863940,4738.213,4744.505,4737.617,4743.316,727,280,0
1776864000,4743.243,4746.182,4740.39,4744.882,1059,280,0
1776864060,4744.837,4744.837,4741.326,4744.25,398,280,0
1776864120,4744.314,4745.587,4742.79,4744.572,275,280,0
1776864180,4744.546,4747.518,4744.232,4746.71,262,280,0
1776864240,4746.652,4748.932,4746.46,4747.123,227,280,0
1776864300,4746.869,4747.556,4745.896,4746.408,219,280,0
1776864360,4746.488,4747.034,4745.493,4746.43,199,280,0
1776864420,4746.393,4748.089,4746.235,4746.312,151,280,0
1776864480,4746.47,4749.294,4746.427,4749.161,159,280,0
1776864540,4749.203,4749.875,4748.476,4749.742,169,280,0
1776864600,4749.805,4750.624,4745.457,4745.826,750,280,0
1776864660,4745.869,4747.789,4742.715,4742.964,612,280,0
1776864720,4742.903,4745.173,4741.888,4744.898,504,280,0
1776864780,4744.649,4746.173,4743.771,4745.38,346,280,0
1776864840,4745.493,4745.697,4743.609,4744.983,362,280,0
1776864900,4744.804,4746.052,4743.143,4745.611,347,280,0
1776864960,4745.632,4750.472,4744.814,4748.547,379,280,0
1776865020,4748.385,4752.64,4747.104,4751.191,428,280,0
1776865080,4751.299,4752.107,4747.341,4747.984,433,280,0
1776865140,4748.168,4749.551,4747.707,4748.343,287,280,0
1776865200,4748.389,4749.555,4746.925,4747.582,309,280,0
1776865260,4747.846,4752.41,4747.16,4750.464,639,280,0
1776865320,4750.413,4751.51,4748.1,4750.901,346,280,0
1776865380,4751.059,4754.439,4750.154,4753.526,378,280,0
1776865440,4753.425,4756.632,4752.972,4755.149,341,280,0
1776865500,4755.224,4758.87,4755.05,4757.962,391,280,0
1776865560,4757.903,4760.813,4756.937,4759.872,456,280,0
1776865620,4759.713,4760.082,4756.805,4758.527,471,280,0
1776865680,4758.355,4758.938,4755.678,4757.532,368,280,0
1776865740,4757.548,4758.187,4755.949,4756.795,310,280,0
1776865800,4756.628,4758.024,4754.968,4755.147,333,280,0
1776865860,4755.083,4755.083,4750.912,4752.574,366,280,0
1776865920,4752.571,4755.252,4752.429,4754.02,254,280,0
1776865980,4753.851,4754.422,4752.138,4752.89,284,280,0
1776866040,4752.954,4755.17,4752.831,4755.107,207,280,0
1776866100,4754.929,4755.088,4752.663,4753.199,277,280,0
1776866160,4753.119,4754.168,4752.233,4753.573,267,280,0
1776866220,4753.722,4753.794,4752.003,4752.473,206,280,0
1776866280,4752.181,4752.859,4751.547,4752.299,168,280,0
1776866340,4752.229,4753.533,4751.661,4752.827,197,280,0
1776866400,4752.661,4757.297,4752.501,4753.391,204,280,0
1776866460,4753.476,4754.147,4750.71,4750.779,181,280,0
1776866520,4750.801,4751.583,4749.396,4750.194,203,280,0
1776866580,4750.058,4751.207,4748.123,4748.415,345,280,0
1776866640,4748.474,4749.437,4745.318,4745.553,322,280,0
1776866700,4745.474,4745.654,4742.811,4743.446,383,280,0
1776866760,4743.506,4746.236,4742.367,4745.894,382,280,0
1776866820,4746.008,4747.257,4744.211,4745.098,376,280,0
1776866880,4744.948,4744.948,4742.288,4742.39,369,280,0
1776866940,4742.729,4746.037,4742.382,4745.956,265,280,0
1776867000,4746.027,4747.707,4745.829,4746.603,254,280,0
1776867060,4746.438,4746.479,4743.097,4743.297,267,280,0
1776867120,4743.227,4743.859,4742.656,4743.223,239,280,0
1776867180,4743.283,4744.38,4742.615,4743.774,211,280,0
1776867240,4743.831,4745.999,4742.958,4745.358,235,280,0
1776867300,4745.477,4748.521,4745.19,4747.06,301,280,0
1776867360,4746.991,4747.229,4745.233,4745.959,215,280,0
1776867420,4745.699,4749.266,4745.699,4748.328,320,280,0
1776867480,4748.237,4748.237,4746.01,4746.707,209,280,0
1776867540,4746.719,4747.364,4745.415,4746.681,189,280,0
1776867600,4746.77,4749.766,4745.267,4749.159,303,280,0
1776867660,4749.093,4750.487,4747.532,4749.527,252,280,0
1776867720,4749.507,4749.507,4746.255,4747.115,284,280,0
1776867780,4747.127,4747.361,4743.739,4744.407,250,280,0
1776867840,4744.187,4745.594,4743.464,4745.408,237,280,0
1776867900,4745.582,4746.459,4744.288,4745.723,225,280,0
1776867960,4745.709,4748.439,4745.317,4746.318,249,280,0
1776868020,4746.31,4747.398,4743.97,4745.118,447,280,0
1776868080,4745.048,4746.691,4743.744,4743.744,256,280,0
1776868140,4743.679,4744.658,4743.29,4744.018,224,280,0
1776868200,4744.002,4744.662,4739.225,4740.287,197,280,0
1776868260,4740.08,4741.684,4738.755,4741.162,224,280,0
1776868320,4741.131,4742.469,4733.165,4738.713,407,280,0
1776868380,4738.518,4739.183,4736.501,4738.379,575,280,0
1776868440,4738.429,4739.674,4735.736,4736.077,414,280,0
1776868500,4736.008,4737.273,4730.248,4731.568,601,280,0
1776868560,4731.689,4734.026,4730.132,4732.014,600,280,0
1776868620,4731.917,4735.947,4730.049,4734.248,603,280,0
1776868680,4734.145,4737.436,4734.06,4735.901,298,280,0
1776868740,4735.647,4738.384,4734.294,4737.147,348,280,0
1776868800,4736.958,4740.751,4736.907,4739.75,299,280,0
1776868860,4739.692,4739.884,4735.687,4736.463,298,280,0
1776868920,4736.512,4737.379,4734.521,4736.106,317,280,0
1776868980,4736.291,4736.491,4732.543,4733.717,265,280,0
1776869040,4733.624,4734.677,4732.109,4733.044,265,280,0
1776869100,4733.041,4735.101,4732.567,4734.524,255,280,0
1776869160,4734.58,4735.595,4733.785,4734.769,235,280,0
1776869220,4734.809,4735.673,4734.075,4734.464,175,280,0
1776869280,4734.244,4738.197,4733.75,4737.467,266,280,0
1776869340,4737.531,4739.395,4737.526,4737.715,197,280,0
1776869400,4737.71,4737.774,4734.484,4736.95,339,280,0
1776869460,4737.015,4737.702,4733.957,4734.231,221,280,0
1776869520,4734.142,4735.184,4733.229,4733.644,210,280,0
1776869580,4733.582,4735.085,4732.65,4735.085,236,280,0
1776869640,4735.172,4738.076,4735.05,4737.832,247,280,0
1776869700,4737.761,4738.272,4736.117,4736.416,211,280,0
1776869760,4736.464,4736.898,4733.353,4735.336,235,280,0
1776869820,4735.176,4735.863,4733.562,4735.168,191,280,0
1776869880,4734.893,4735.593,4733.267,4735.586,255,280,0
1776869940,4735.626,4736.909,4735.357,4735.753,188,280,0
1776870000,4735.811,4738.146,4735.811,4736.949,274,280,0
1776870060,4736.94,4737.624,4735.442,4735.772,274,280,0
1776870120,4735.696,4736.733,4734.305,4734.756,217,280,0
1776870180,4734.835,4736.3,4734.456,4736.2,197,280,0
1776870240,4736.331,4737.365,4734.714,4735.667,424,280,0
1776870300,4735.609,4736.703,4735.08,4735.655,327,280,0
1776870360,4735.838,4736.896,4735.175,4736.019,309,280,0
1776870420,4736.09,4739.576,4735.973,4737.987,396,280,0
1776870480,4738.04,4738.8,4737.497,4737.899,170,280,0
1776870540,4737.752,4738.267,4734.759,4736.335,292,280,0
1776870600,4736.297,4739.786,4736.106,4739.786,220,280,0
1776870660,4740.008,4740.179,4738.255,4738.484,243,280,0
1776870720,4738.625,4738.729,4736.175,4737.864,210,280,0
1776870780,4737.803,4738.914,4736.71,4738.009,181,280,0
1776870840,4737.952,4738.686,4737.311,4737.596,148,280,0
1776870900,4737.456,4737.712,4735.431,4735.531,182,280,0
1776870960,4735.417,4735.781,4731.091,4733.099,337,280,0
1776871020,4733.156,4733.404,4729.737,4730.05,304,280,0
1776871080,4729.992,4732.999,4729.883,4732.236,252,280,0
1776871140,4731.981,4734.635,4731.231,4733.433,206,280,0
1776871200,4733.346,4733.601,4731.431,4732.423,218,280,0
1776871260,4732.596,4732.832,4731.647,4732.24,208,280,0
1776871320,4732.318,4734.162,4732.09,4732.175,203,280,0
1776871380,4732.21,4733.087,4730.631,4732.887,192,280,0
1776871440,4732.814,4733.911,4732.509,4733.753,201,280,0
1776871500,4733.721,4735.162,4733.549,4733.884,172,280,0
1776871560,4733.742,4733.742,4730.985,4732.14,237,280,0
1776871620,4731.913,4732.775,4731.139,4731.419,183,280,0
1776871680,4731.657,4732.61,4731.432,4732.604,166,280,0
1776871740,4732.296,4736.106,4732.074,4735.01,437,280,0
1776871800,4735.1,4735.561,4733.179,4734.692,241,280,0
1776871860,4734.636,4734.782,4731.193,4731.876,286,280,0
1776871920,4731.768,4733.027,4731.635,4732.894,221,280,0
1776871980,4732.954,4733.681,4732.477,4733.458,174,280,0
1776872040,4733.46,4734.023,4732.5,4732.803,188,280,0
1776872100,4732.961,4733.397,4727.616,4729.199,351,280,0
1776872160,4729.133,4729.954,4727.342,4729.676,224,280,0
1776872220,4729.467,4729.794,4728.806,4729.516,193,280,0
1776872280,4729.474,4730.38,4726.581,4728.551,222,280,0
1776872340,4728.643,4728.788,4727.388,4728.004,155,280,0
1776872400,4727.976,4728.145,4725.877,4727.908,184,280,0
1776872460,4727.841,4728.714,4727.177,4728.714,146,280,0
1776872520,4728.618,4730.494,4727.386,4727.387,207,280,0
1776872580,4727.518,4728.391,4726.453,4728.069,238,280,0
1776872640,4728.226,4728.538,4726.575,4727.215,179,280,0
1776872700,4727.076,4728.844,4726.82,4728.293,195,280,0
1776872760,4728.379,4729.259,4727.587,4727.811,197,280,0
1776872820,4727.753,4729.32,4727.301,4728.709,179,280,0
1776872880,4728.729,4730.097,4728.729,4729.423,170,280,0
1776872940,4729.157,4729.195,4728.101,4728.482,137,280,0
1776873000,4728.357,4728.357,4726.874,4727.419,157,280,0
1776873060,4727.356,4728.007,4725.555,4726.252,154,280,0
1776873120,4726.274,4726.899,4724.919,4725.927,151,280,0
1776873180,4725.866,4727.775,4725.716,4726.729,168,280,0
1776873240,4726.936,4728.413,4726.789,4727.608,188,280,0
1776873300,4727.571,4729.713,4727.298,4729.707,190,280,0
1776873360,4729.721,4731.282,4729.336,4730.662,159,280,0
1776873420,4730.623,4731.202,4729.795,4730.387,172,280,0
1776873480,4730.463,4730.463,4728.886,4728.886,169,280,0
1776873540,4728.992,4729.016,4727.503,4727.73,161,280,0
1776873600,4727.815,4730.144,4727.815,4729.14,245,280,0
1776873660,4729.256,4729.256,4725.835,4726.441,241,280,0
1776873720,4726.381,4728.143,4725.749,4728.002,177,280,0
1776873780,4728.008,4729.174,4727.816,4728.795,126,280,0
1776873840,4728.833,4731.007,4728.738,4730.436,152,280,0
1776873900,4730.542,4733.528,4730.338,4732.447,203,280,0
1776873960,4732.381,4732.99,4730.752,4731.593,197,280,0
1776874020,4731.396,4733.131,4731.088,4732.27,164,280,0
1776874080,4732.271,4733.615,4731.971,4732.995,177,280,0
1776874140,4733.119,4734.98,4733.119,4733.379,209,280,0
1776874200,4733.68,4733.68,4731.155,4731.523,131,280,0
1776874260,4731.454,4731.517,4729.408,4730.836,152,280,0
1776874320,4730.919,4731.781,4730.318,4731.562,127,280,0
1776874380,4731.62,4732.021,4730.609,4731.776,136,280,0
1776874440,4731.705,4731.927,4729.934,4730.347,149,280,0
1776874500,4730.363,4730.48,4728.493,4728.851,103,280,0
1776874560,4728.85,4729.345,4728.316,4728.479,98,280,0
1776874620,4728.483,4729.852,4728.386,4729.127,154,280,0
1776874680,4729.157,4729.399,4727.612,4728.313,148,280,0
1776874740,4728.249,4728.249,4724.57,4724.94,231,280,0
1776874800,4725.003,4726.653,4724.784,4726.035,172,280,0
1776874860,4726.136,4727.397,4725.487,4727.397,145,280,0
1776874920,4727.118,4727.556,4725.368,4726.081,131,280,0
1776874980,4725.964,4727.978,4725.822,4727.12,143,280,0
1776875040,4727.382,4727.897,4723.972,4725.289,177,280,0
1776875100,4725.231,4726.114,4724.271,4725.75,171,280,0
1776875160,4725.676,4726.118,4724.478,4725.882,145,280,0
1776875220,4725.805,4727.123,4725.636,4726.635,147,280,0
1776875280,4726.568,4728.002,4726.386,4727.027,125,280,0
1776875340,4726.856,4727.49,4726.314,4727.068,149,280,0
1776875400,4726.841,4726.993,4723.827,4725.115,233,280,0
1776875460,4725.087,4726.7,4724.864,4726.521,151,280,0
1776875520,4726.297,4727.319,4726.083,4726.942,159,280,0
1776875580,4726.76,4727.741,4726.263,4727.325,132,280,0
1776875640,4727.236,4728.823,4727.146,4728.308,154,280,0
1776875700,4728.415,4729.827,4728.332,4728.786,161,280,0
1776875760,4728.751,4729.307,4728.189,4728.621,120,280,0
1776875820,4728.681,4730.174,4728.417,4729.439,152,280,0
1776875880,4729.631,4729.749,4728.849,4728.924,134,280,0
1776875940,4728.823,4731.326,4728.823,4730.763,146,280,0
1776876000,4730.75,4731.132,4729.713,4730.658,134,280,0
1776876060,4730.649,4731.948,4730.409,4731.404,130,280,0
1776876120,4731.403,4731.778,4728.159,4729.73,249,280,0
1776876180,4729.665,4730.44,4728.853,4729.793,288,280,0
1776876240,4729.72,4731.12,4728.217,4728.217,184,280,0
1776876300,4727.973,4728.501,4726.128,4727.571,186,280,0
1776876360,4727.596,4728.499,4726.936,4728.362,148,280,0
1776876420,4728.286,4729.573,4728.129,4729.573,106,280,0
1776876480,4729.774,4729.774,4727.801,4728.269,123,280,0
1776876540,4728.589,4730.24,4728.13,4729.918,123,280,0
1776876600,4729.851,4730.744,4728.914,4729.293,140,280,0
1776876660,4729.099,4729.987,4728.821,4729.216,151,280,0
1776876720,4728.979,4729.543,4727.345,4728.173,174,280,0
1776876780,4728.232,4729.156,4728.061,4728.854,90,280,0
1776876840,4728.762,4730.031,4728.762,4729.784,103,280,0
1776876900,4729.895,4730.054,4728.907,4729.346,127,280,0
1776876960,4729.595,4729.877,4726.317,4727.834,220,280,0
1776877020,4727.89,4728.513,4727.175,4727.753,165,280,0
1776877080,4727.76,4728.074,4726.823,4727.666,163,280,0
1776877140,4727.623,4728.847,4727.614,4728.527,103,280,0
1776877200,4728.47,4729.721,4728.437,4729.44,122,280,0
1776877260,4729.399,4734.789,4729.326,4733.353,456,280,0
1776877320,4733.65,4736.304,4732.841,4733.138,352,280,0
1776877380,4733.143,4735.015,4733.004,4734.695,224,280,0
1776877440,4734.638,4736.011,4734.165,4735.318,160,280,0
1776877500,4735.375,4736.78,4735.27,4735.881,194,280,0
1776877560,4736.147,4736.147,4734.4,4735.009,156,280,0
1776877620,4734.994,4735.254,4733.781,4734.07,167,280,0
1776877680,4734.17,4734.908,4733.637,4734.761,94,280,0
1776877740,4734.47,4736.693,4734.33,4736.299,113,280,0
1776877800,4736.358,4739.327,4736.245,4737.855,372,280,0
1776877860,4737.885,4738.101,4736.074,4736.381,173,280,0
1776877920,4736.56,4736.688,4735.391,4736.333,178,280,0
1776877980,4736.076,4736.444,4735.02,4735.377,126,280,0
1776878040,4735.445,4735.779,4734.976,4735.371,139,280,0
1776878100,4735.315,4737.06,4735.24,4736.274,115,280,0
1776878160,4736.339,4736.788,4734.749,4735.34,136,280,0
1776878220,4735.141,4736.157,4735.041,4735.324,109,280,0
1776878280,4735.542,4735.542,4733.504,4733.525,128,280,0
1776878340,4733.591,4734.186,4733.108,4733.784,122,280,0
1776878400,4733.777,4734.354,4733.211,4734.351,99,280,0
1776878460,4734.37,4736.218,4734.273,4735.951,126,280,0
1776878520,4735.969,4737.558,4735.61,4737.342,137,280,0
1776878580,4737.325,4737.722,4735.662,4735.997,169,280,0
1776878640,4735.881,4736.177,4735.349,4735.619,145,280,0
1776878700,4735.354,4736.641,4735.354,4736.533,129,280,0
1776878760,4736.595,4736.778,4735.027,4735.379,97,280,0
1776878820,4735.026,4735.64,4734.638,4734.638,101,280,0
1776878880,4734.689,4734.893,4733.312,4733.605,152,280,0
1776878940,4733.53,4735.098,4732.701,4735.098,167,280,0
1776879000,4734.998,4736.525,4734.853,4735.257,124,280,0
1776879060,4735.311,4735.991,4735.016,4735.368,112,280,0
1776879120,4735.2,4736.515,4735.09,4736.063,101,280,0
1776879180,4736.129,4736.749,4735.888,4736.683,74,280,0
1776879240,4736.422,4738.099,4736.422,4736.71,125,280,0
1776879300,4736.905,4738.011,4736.764,4737.939,117,280,0
1776879360,4737.881,4737.95,4736.36,4736.864,116,280,0
1776879420,4736.865,4737.245,4735.546,4735.601,129,280,0
1776879480,4735.673,4736.409,4735.406,4735.873,92,280,0
1776879540,4735.885,4736.681,4735.302,4735.302,109,280,0
1776879600,4735.1,4736.067,4735.1,4735.435,108,280,0
1776879660,4735.668,4735.668,4734.328,4734.597,112,280,0
1776879720,4734.579,4736.21,4734.538,4735.849,116,280,0
1776879780,4735.908,4736.914,4735.908,4736.161,102,280,0
1776879840,4736.094,4736.401,4735.709,4736.088,92,280,0
1776879900,4736.186,4736.901,4734.617,4734.917,114,280,0
1776879960,4734.953,4735.383,4733.637,4734.266,111,280,0
1776880020,4734.071,4738.241,4733.742,4736.317,328,280,0
1776880080,4736.517,4738.209,4735.809,4735.885,223,280,0
1776880140,4735.899,4736.701,4735.419,4736.616,145,280,0
1776880200,4736.679,4736.765,4735.473,4735.776,93,280,0
1776880260,4735.589,4736.898,4735.304,4736.635,99,280,0
1776880320,4736.649,4737.632,4736.304,4737.332,119,280,0
1776880380,4737.226,4738.297,4737.061,4737.687,119,280,0
1776880440,4737.452,4738.17,4736.695,4736.839,132,280,0
1776880500,4736.703,4737.211,4736.25,4736.799,124,280,0
1776880560,4736.764,4737.733,4736.052,4736.105,111,280,0
1776880620,4736.132,4736.598,4735.848,4736.571,114,280,0
1776880680,4736.391,4737.906,4736.32,4737.906,107,280,0
1776880740,4737.704,4737.894,4737.052,4737.237,96,280,0
1776880800,4737.293,4737.293,4734.949,4736.309,158,280,0
1776880860,4736.491,4736.902,4736.035,4736.658,97,280,0
1776880920,4736.774,4737.595,4736.349,4736.58,123,280,0
1776880980,4736.288,4737.348,4736.227,4737.047,77,280,0
1776881040,4737.035,4737.035,4736.38,4736.898,69,280,0
1776881100,4736.881,4738.376,4736.584,4737.803,99,280,0
1776881160,4737.764,4738.363,4737.328,4737.592,87,280,0
1776881220,4737.658,4737.921,4737.286,4737.399,63,280,0
1776881280,4737.679,4738.594,4737.213,4738.414,88,280,0
1776881340,4738.645,4738.645,4737.354,4737.538,91,280,0
1776881400,4737.52,4737.52,4736.498,4736.757,88,280,0
1776881460,4736.814,4737.013,4735.94,4736.244,85,280,0
1776881520,4736.056,4736.738,4735.691,4736.415,92,280,0
1776881580,4736.33,4736.946,4736.273,4736.625,73,280,0
1776881640,4736.62,4736.62,4735.744,4735.876,81,280,0
1776881700,4735.813,4736.017,4735.126,4735.431,88,280,0
1776881760,4735.489,4735.934,4733.944,4733.944,129,280,0
1776881820,4733.887,4734.2,4732.023,4733.217,128,280,0
1776881880,4733.274,4734.193,4733.114,4733.542,94,280,0
1776881940,4733.525,4734.318,4732.796,4732.905,96,280,0
1776882000,4732.903,4732.903,4730.956,4731.869,132,280,0
1776882060,4731.847,4732.077,4731.088,4731.251,116,280,0
1776882120,4731.187,4731.211,4729.729,4730.654,140,280,0
1776882180,4730.526,4731.202,4730.136,4730.168,113,280,0
1776882240,4730.18,4732.344,4730.043,4732.251,137,280,0
1776882300,4732.406,4733.571,4732.342,4732.342,107,280,0
1776882360,4732.428,4732.551,4730.967,4731.209,98,280,0
1776882420,4731.202,4732.329,4730.279,4730.509,161,280,0
1776882480,4730.499,4731.603,4730.291,4730.725,136,280,0
1776882540,4730.665,4730.827,4730.15,4730.509,94,280,0
1776882600,4730.417,4731.553,4730.162,4731.553,118,280,0
1776882660,4731.534,4732.878,4731.213,4732.516,97,280,0
1776882720,4732.52,4734.118,4732.52,4733.03,110,280,0
1776882780,4733.268,4734.74,4733.211,4734.322,89,280,0
1776882840,4734.321,4734.321,4733.037,4733.167,90,280,0
1776882900,4733.265,4733.663,4733.041,4733.08,83,280,0
1776882960,4733.248,4733.248,4732.478,4732.687,68,280,0
1776883020,4732.525,4737.191,4732.453,4736.554,180,280,0
1776883080,4736.448,4737.266,4736.207,4736.242,104,280,0
1776883140,4736.201,4738.189,4736.201,4737.998,99,280,0
1776883200,4737.986,4738.093,4737.125,4737.858,93,280,0
1776883260,4737.967,4737.988,4736.05,4736.192,124,280,0
1776883320,4736.482,4736.552,4735.549,4736.179,89,280,0
1776883380,4736.198,4736.237,4735.623,4736.089,85,280,0
1776883440,4736.16,4739.509,4736.16,4739.334,134,280,0
1776883500,4739.218,4741.518,4738.559,4741.317,138,280,0
1776883560,4741.054,4743.074,4740.535,4741.41,154,280,0
1776883620,4741.465,4743.761,4741.465,4743.391,192,280,0
1776883680,4743.434,4749.662,4743.336,4746.583,273,280,0
1776883740,4746.659,4749.236,4746.57,4746.592,174,280,0
1776883800,4746.603,4747.403,4744.017,4745.091,220,280,0
1776883860,4745.079,4745.316,4744.081,4744.424,123,280,0
1776883920,4744.363,4745.458,4743.819,4744.568,140,280,0
1776883980,4744.486,4744.624,4742.828,4743.12,106,280,0
1776884040,4743.062,4743.118,4742.088,4742.088,131,280,0
1776884100,4742.03,4742.188,4739.988,4740.53,138,280,0
1776884160,4740.472,4740.739,4739.586,4739.981,137,280,0
1776884220,4739.986,4741.308,4739.862,4741.093,121,280,0
1776884280,4741.071,4742.45,4740.811,4742.231,116,280,0
1776884340,4741.942,4742.215,4741.084,4741.681,111,280,0
1776884400,4741.854,4742.42,4739.908,4740.893,407,280,0
1776884460,4740.953,4741.678,4739.096,4741.413,293,280,0
1776884520,4741.361,4742.503,4740.799,4742.281,179,280,0
1776884580,4742.62,4743.444,4741.263,4741.579,179,280,0
1776884640,4741.516,4741.928,4740.922,4741.713,177,280,0
1776884700,4741.844,4743.176,4741.492,4742.163,176,280,0
1776884760,4742.1,4742.657,4741.109,4741.237,139,280,0
1776884820,4741.175,4741.239,4740.176,4740.791,155,280,0
1776884880,4740.779,4741.218,4739.971,4740.33,121,280,0
1776884940,4740.367,4740.919,4739.609,4740.119,113,280,0
1776885000,4740.184,4740.383,4738.724,4738.724,98,280,0
1776885060,4738.906,4739.426,4737.468,4738.29,131,280,0
1776885120,4738.243,4738.677,4737.511,4737.753,104,280,0
1776885180,4737.661,4737.811,4736.818,4737.116,90,280,0
1776885240,4737.116,4738.907,4737.116,4738.681,154,280,0
1776885300,4738.427,4739.104,4738.078,4738.763,101,280,0
1776885360,4738.597,4739.939,4738.597,4739.823,113,280,0
1776885420,4739.605,4741.433,4739.605,4740.491,118,280,0
1776885480,4740.55,4741.509,4740.36,4741.053,97,280,0
1776885540,4741.036,4741.741,4740.974,4741.093,106,280,0
1776885600,4741.116,4741.916,4740.472,4740.983,107,280,0
1776885660,4740.972,4742.298,4740.8,4742.118,98,280,0
1776885720,4742.101,4742.524,4740.819,4741.017,113,280,0
1776885780,4741.011,4742.043,4740.498,4741.765,112,280,0
1776885840,4741.516,4742.097,4741.506,4741.883,78,280,0
1776885900,4741.753,4744.353,4741.682,4743.641,119,280,0
1776885960,4743.79,4744.463,4742.984,4743.331,100,280,0
1776886020,4743.072,4745.019,4743.072,4744.537,114,280,0
1776886080,4744.537,4745.387,4743.668,4744.897,114,280,0
1776886140,4744.817,4744.817,4744.193,4744.193,75,280,0
1776886200,4744.426,4744.61,4742.768,4742.824,112,280,0
1776886260,4743.125,4743.454,4742.466,4742.922,94,280,0
1776886320,4742.657,4743.355,4742.448,4742.679,115,280,0
1776886380,4742.701,4742.701,4740.712,4741.811,128,280,0
1776886440,4741.753,4742.146,4741.601,4741.743,74,280,0
1776886500,4741.671,4741.711,4739.29,4739.514,129,280,0
1776886560,4739.571,4740.437,4739.287,4739.693,105,280,0
1776886620,4739.818,4740.955,4739.494,4740.62,107,280,0
1776886680,4740.719,4741.802,4739.936,4740.848,114,280,0
1776886740,4740.872,4741.022,4739.569,4739.635,88,280,0
1776886800,4739.693,4740.742,4739.664,4740.398,113,280,0
1776886860,4740.299,4740.59,4739.277,4739.606,87,280,0
1776886920,4739.353,4739.656,4738.49,4738.932,115,280,0
1776886980,4738.926,4739.342,4738.599,4739.262,72,280,0
1776887040,4739.304,4739.837,4739.217,4739.423,79,280,0
1776887100,4739.352,4740.173,4738.989,4739.623,94,280,0
1776887160,4739.655,4739.669,4737.599,4737.599,125,280,0
1776887220,4737.622,4738.235,4737.176,4738.14,115,280,0
1776887280,4737.9,4738.752,4737.414,4738.05,100,280,0
1776887340,4737.984,4738.722,4737.524,4738.51,102,280,0
1776887400,4738.41,4739.624,4736.944,4739.511,244,280,0
1776887460,4739.594,4740.441,4739.025,4740.071,119,280,0
1776887520,4739.908,4740.349,4738.491,4739.266,126,280,0
1776887580,4739.209,4740.52,4738.966,4740.431,112,280,0
1776887640,4740.351,4741.65,4740.351,4740.414,152,280,0
1776887700,4740.312,4741.92,4739.811,4741.588,188,280,0
1776887760,4741.518,4741.518,4739.471,4740.526,160,280,0
1776887820,4740.516,4740.575,4739.576,4740.093,129,280,0
1776887880,4740.258,4741.232,4739.687,4740.023,167,280,0
1776887940,4740.087,4740.812,4739.314,4739.995,195,280,0
1776888000,4740.215,4740.49,4737.848,4738.388,136,280,0
1776888060,4738.457,4739.041,4737.468,4737.802,123,280,0
1776888120,4737.752,4739.601,4737.654,4738.903,126,280,0
1776888180,4739.08,4739.207,4738.159,4738.331,85,280,0
1776888240,4738.297,4738.951,4737.92,4738.745,96,280,0
1776888300,4738.688,4740.033,4738.688,4739.403,124,280,0
1776888360,4739.469,4739.612,4738.391,4738.779,103,280,0
1776888420,4738.842,4739.059,4738.363,4738.749,80,280,0
1776888480,4738.65,4738.828,4738.351,4738.667,73,280,0
1776888540,4738.804,4738.95,4737.853,4738.142,67,280,0
1776888600,4738.074,4738.074,4736.252,4736.856,84,280,0
1776888660,4736.769,4736.815,4736.202,4736.622,66,280,0
1776888720,4736.685,4737.285,4736.213,4736.481,91,280,0
1776888780,4736.527,4737.195,4734.722,4736.982,126,280,0
1776888840,4736.924,4736.924,4736.115,4736.149,79,280,0
1776888900,4736.09,4737.678,4736.02,4737.029,96,280,0
1776888960,4737.175,4737.508,4736.365,4737.121,73,280,0
1776889020,4737.409,4737.409,4736.532,4736.76,111,280,0
1776889080,4736.702,4737.198,4736.371,4737.128,83,280,0
1776889140,4737.081,4737.319,4736.747,4736.764,68,280,0
1776889200,4736.721,4736.925,4736.376,4736.558,68,280,0
1776889260,4736.568,4737.277,4736.568,4736.966,66,280,0
1776889320,4737.015,4737.015,4735.62,4735.773,62,280,0
1776889380,4735.917,4736.328,4734.745,4735.314,97,280,0
1776889440,4735.403,4736.084,4735.321,4735.658,84,280,0
1776889500,4735.697,4735.814,4735.04,4735.234,57,280,0
1776889560,4735.114,4735.318,4734.583,4735.09,57,280,0
1776889620,4734.939,4735.708,4734.493,4735.443,73,280,0
1776889680,4735.423,4736.69,4735.423,4736.574,61,280,0
1776889740,4736.53,4737.389,4736.052,4736.688,82,280,0
1776889800,4736.687,4738.517,4736.687,4738.07,70,280,0
1776889860,4738.076,4738.466,4737.77,4738.134,78,280,0
1776889920,4738.068,4738.591,4737.607,4738.268,56,280,0
1776889980,4738.247,4739.505,4738.166,4739.224,67,280,0
1776890040,4739.41,4739.41,4738.578,4738.578,61,280,0
1776890100,4738.861,4738.861,4737.883,4738.345,56,280,0
1776890160,4738.458,4738.585,4736.393,4738.369,140,280,0
1776890220,4738.518,4738.687,4737.219,4737.487,87,280,0
1776890280,4737.48,4738.331,4737.145,4737.891,91,280,0
1776890340,4737.967,4738.149,4737.634,4737.872,59,280,0
1776890400,4737.658,4738.089,4737.34,4737.661,58,280,0
1776890460,4737.808,4738.014,4737.413,4737.752,61,280,0
1776890520,4737.755,4738.054,4737.349,4737.584,64,280,0
1776890580,4737.359,4737.447,4736.307,4736.502,66,280,0
1776890640,4736.5,4737.336,4736.047,4737.336,56,280,0
1776890700,4737.491,4738.18,4737.02,4738.023,60,280,0
1776890760,4737.987,4738.767,4737.887,4738.093,57,280,0
1776890820,4738.142,4739.174,4737.871,4739.026,78,280,0
1776890880,4739.326,4739.767,4739.141,4739.636,51,280,0
1776890940,4739.798,4739.798,4738.448,4738.789,75,280,0
1776891000,4738.614,4738.866,4738.225,4738.225,56,280,0
1776891060,4738.497,4739.365,4737.945,4739.06,74,280,0
1776891120,4739.157,4739.697,4738.774,4738.787,66,360,0
1776891180,4738.783,4738.959,4738.55,4738.683,42,280,0
1776891240,4738.577,4738.859,4738.409,4738.855,35,280,0
1776891300,4738.86,4738.997,4738.478,4738.966,56,280,0
1776891360,4738.939,4739.68,4738.911,4739.588,59,280,0
1776891420,4739.532,4739.809,4739.352,4739.443,54,308,0
1776895200,4744.823,4745.576,4744.813,4745.49,10,360,0
1776895260,4745.43,4745.76,4741.983,4743.2,152,360,0
1776895320,4743.34,4744.175,4741.683,4743.513,179,360,0
1776895380,4743.513,4743.781,4739.397,4741.063,118,360,0
1776895440,4741.024,4741.923,4740.347,4741.743,78,360,0
1776895500,4741.929,4741.954,4738.952,4738.952,70,360,0
1776895560,4739.018,4740.072,4738.906,4738.974,90,360,0
1776895620,4738.948,4739.823,4737.956,4737.956,98,360,0
1776895680,4738.253,4738.949,4736.52,4738.459,90,360,0
1776895740,4738.459,4739.315,4738.459,4738.87,61,360,0
1776895800,4738.899,4739.176,4737.46,4738.163,68,360,0
1776895860,4738.099,4738.549,4737.488,4738.278,53,360,0
1776895920,4738.567,4738.631,4737.033,4737.078,65,360,0
1776895980,4737.042,4737.297,4736.227,4736.474,60,360,0
1776896040,4736.504,4736.798,4736.218,4736.527,70,360,0
1776896100,4736.499,4737.505,4736.362,4737.191,59,280,0
1776896160,4736.941,4737.889,4736.941,4737.321,51,280,0
1776896220,4737.271,4738.333,4736.787,4738.333,53,280,0
1776896280,4738.03,4738.03,4736.798,4737.177,58,280,0
1776896340,4737.214,4737.214,4735.223,4736.261,69,280,0
1776896400,4736.22,4737.801,4736.105,4737.356,73,280,0
1776896460,4737.294,4737.294,4735.587,4735.719,61,280,0
1776896520,4735.597,4737.254,4735.597,4736.664,85,280,0
1776896580,4736.741,4737.193,4736.695,4736.825,61,280,0
1776896640,4736.764,4736.837,4735.285,4735.285,67,280,0
1776896700,4735.389,4736.065,4735.045,4735.958,79,280,0
1776896760,4736.028,4736.164,4734.612,4734.772,55,280,0
1776896820,4734.787,4735.113,4733.608,4733.874,93,280,0
1776896880,4733.877,4733.941,4733.037,4733.191,63,280,0
1776896940,4733.251,4733.345,4732.569,4732.986,50,280,0
1776897000,4733.043,4734.635,4733.043,4734.635,87,280,0
1776897060,4734.365,4734.904,4734.197,4734.523,62,280,0
1776897120,4734.528,4734.628,4734.01,4734.342,59,280,0
1776897180,4734.483,4734.483,4732.39,4734.072,90,280,0
1776897240,4733.793,4734.374,4733.65,4734.127,63,280,0
1776897300,4734.188,4734.188,4732.838,4733.447,61,280,0
1776897360,4733.308,4733.668,4733.035,4733.234,55,280,0
1776897420,4733.234,4733.234,4731.295,4731.544,82,280,0
1776897480,4731.526,4731.867,4731.129,4731.387,61,280,0
1776897540,4731.582,4731.787,4730.302,4730.943,81,280,0
1776897600,4730.941,4731.111,4730.33,4730.867,62,280,0
1776897660,4730.867,4731.299,4730.463,4731.299,45,280,0
1776897720,4731.299,4731.719,4730.995,4731.188,57,280,0
1776897780,4731.326,4731.337,4730.267,4730.541,68,280,0
1776897840,4730.517,4731.297,4729.811,4729.811,84,280,0
1776897900,4729.981,4731.651,4728.825,4731.546,113,280,0
1776897960,4731.558,4731.765,4730.585,4731.236,69,280,0
1776898020,4731.006,4731.408,4730.461,4730.558,54,280,0
1776898080,4730.758,4730.758,4729.611,4730.019,68,280,0
1776898140,4730.019,4731.213,4729.793,4730.164,62,280,0
1776898200,4730.18,4731.132,4729.991,4730.825,81,280,0
1776898260,4731.102,4731.969,4730.66,4731.699,80,280,0
1776898320,4731.447,4731.637,4730.138,4730.601,59,280,0
1776898380,4730.601,4730.819,4730.209,4730.649,46,280,0
1776898440,4730.345,4731.528,4730.345,4730.952,63,280,0
1776898500,4730.856,4730.935,4728.841,4729.226,65,280,0
1776898560,4729.149,4729.166,4727.258,4728.015,82,280,0
1776898620,4727.955,4727.955,4727.168,4727.446,75,280,0
1776898680,4727.463,4727.531,4726.376,4726.548,76,280,0
1776898740,4726.548,4726.846,4725.773,4726.047,83,280,0
1776898800,4726.11,4726.487,4725.389,4725.809,75,280,0
1776898860,4725.806,4726.181,4723.353,4726.106,139,280,0
1776898920,4726.322,4726.767,4724.862,4725.951,100,280,0
1776898980,4726.041,4726.293,4724.712,4725.206,79,280,0
1776899040,4724.923,4725.528,4723.721,4724.539,94,280,0
1776899100,4724.541,4725.604,4724.204,4725.44,80,280,0
1776899160,4725.206,4725.281,4723.677,4724.525,74,280,0
1776899220,4724.703,4724.883,4724.256,4724.45,59,280,0
1776899280,4724.442,4725.599,4724.007,4725.384,58,280,0
1776899340,4725.585,4726.099,4724.826,4725.974,80,280,0
1776899400,4726.274,4727.596,4726.02,4726.995,121,280,0
1776899460,4727.017,4727.646,4726.846,4727.405,61,280,0
1776899520,4727.283,4727.916,4727.005,4727.715,75,280,0
1776899580,4727.647,4728.304,4727.647,4727.931,56,280,0
1776899640,4727.68,4728.034,4725.513,4725.954,114,280,0
1776899700,4726.077,4727.507,4725.957,4726.704,90,280,0
1776899760,4726.766,4727.195,4726.64,4727.152,57,280,0
1776899820,4727.28,4727.859,4727.048,4727.859,57,280,0
1776899880,4727.679,4728.477,4727.437,4727.642,64,280,0
1776899940,4727.565,4728.918,4727.454,4728.746,62,280,0
1776900000,4728.787,4729.805,4728.787,4729.146,66,280,0
1776900060,4729.092,4729.309,4728.63,4729.124,50,280,0
1776900120,4728.844,4729.124,4728.084,4728.105,70,280,0
1776900180,4728.076,4729.636,4727.624,4727.624,111,280,0
1776900240,4727.628,4727.857,4726.356,4726.62,81,280,0
1776900300,4726.682,4726.996,4725.612,4725.865,62,280,0
1776900360,4725.862,4727.915,4725.538,4727.915,73,280,0
1776900420,4727.639,4727.997,4727.214,4727.395,43,280,0
1776900480,4727.241,4727.617,4726.549,4726.899,54,280,0
1776900540,4727.087,4728.25,4726.886,4728.012,67,280,0
1776900600,4728.066,4728.266,4726.082,4726.618,83,280,0
1776900660,4726.571,4726.98,4726.316,4726.515,56,280,0
1776900720,4726.552,4726.685,4726.048,4726.11,38,280,0
1776900780,4726.39,4727.601,4726.11,4727.348,55,280,0
1776900840,4727.351,4727.626,4727.213,4727.482,50,280,0
1776900900,4727.256,4727.98,4725.646,4725.646,78,280,0
1776900960,4725.894,4726.145,4725.644,4726.075,56,280,0
1776901020,4726.045,4726.045,4725.318,4725.719,47,280,0
1776901080,4725.724,4725.724,4724.905,4725.621,47,280,0
1776901140,4725.621,4726.528,4724.572,4724.829,89,280,0
1776901200,4725.002,4725.605,4724.579,4725.429,69,280,0
1776901260,4725.458,4725.661,4724.97,4725.068,62,280,0
1776901320,4725.078,4725.078,4724.28,4724.934,55,280,0
1776901380,4724.923,4725.181,4723.903,4724.217,58,280,0
1776901440,4724.217,4724.481,4723.703,4724.299,65,280,0
1776901500,4724.294,4726.569,4724.294,4726.197,114,280,0
1776901560,4726.174,4727.249,4725.999,4726.828,62,280,0
1776901620,4727.082,4727.71,4726.522,4727.453,57,280,0
1776901680,4727.485,4727.956,4726.984,4727.859,68,280,0
1776901740,4727.835,4728.444,4727.465,4727.861,78,280,0
1776901800,4727.978,4728.016,4726.66,4727.186,112,280,0
1776901860,4727.234,4727.515,4726.645,4726.645,54,280,0
1776901920,4726.634,4726.634,4725.575,4725.766,61,280,0
1776901980,4725.766,4727.644,4725.766,4726.874,138,280,0
1776902040,4726.857,4727.615,4726.579,4727.331,64,280,0
1776902100,4727.489,4729.102,4727.413,4728.536,97,280,0
1776902160,4728.259,4728.938,4727.806,4727.846,92,280,0
1776902220,4727.846,4727.97,4726.517,4727.547,126,280,0
1776902280,4727.619,4728.921,4727.619,4728.921,85,280,0
1776902340,4729.245,4729.245,4727.633,4727.939,77,280,0
1776902400,4728.005,4728.179,4723.874,4724.021,262,280,0
1776902460,4724.085,4724.085,4720.38,4721.322,365,280,0
1776902520,4721.387,4724.607,4720.624,4721.929,234,280,0
1776902580,4721.942,4724.066,4721.817,4723.121,178,280,0
1776902640,4723.198,4724.282,4721.037,4721.646,177,280,0
1776902700,4721.58,4721.877,4720.449,4721.051,196,280,0
1776902760,4721.111,4722.44,4720.858,4721.493,166,280,0
1776902820,4721.575,4722.467,4718.79,4719.583,242,280,0
1776902880,4719.654,4721.078,4719.654,4720.511,157,280,0
1776902940,4720.453,4720.679,4713.902,4715.538,539,280,0
1776903000,4715.469,4715.896,4710.563,4711.534,549,280,0
1776903060,4711.781,4713.476,4709.968,4711.373,413,280,0
1776903120,4711.303,4712.223,4707.261,4708.151,403,280,0
1776903180,4708.221,4708.813,4703.449,4703.804,646,280,0
1776903240,4703.898,4705.466,4698.627,4699.352,607,280,0
1776903300,4699.523,4700.331,4695.799,4696.074,944,280,0
1776903360,4696.184,4697.41,4694.007,4696.343,857,280,0
1776903420,4696.401,4708.179,4696.061,4707.602,1000,280,0
1776903480,4707.669,4715.399,4703.073,4713.671,1706,280,0
1776903540,4713.601,4723.766,4713.461,4722.417,1550,280,0
1776903600,4722.481,4729.818,4722.216,4726.452,1035,280,0
1776903660,4726.641,4730.559,4725.618,4729.136,781,280,0
1776903720,4729.287,4733.911,4726.858,4730.522,780,280,0
1776903780,4730.374,4731.273,4726.391,4727.959,577,280,0
1776903840,4727.642,4728.379,4726.184,4727.174,415,280,0
1776903900,4727.096,4735.731,4726.987,4734.054,544,280,0
1776903960,4734.105,4739.887,4733.821,4737.631,568,280,0
1776904020,4737.607,4737.986,4734.386,4736.449,372,280,0
1776904080,4736.388,4740.774,4736.022,4740.221,400,280,0
1776904140,4739.987,4742.485,4738.815,4741.327,369,280,0
1776904200,4741.312,4752.062,4741.027,4747.034,951,280,0
1776904260,4746.97,4750.17,4743.355,4743.976,601,280,0
1776904320,4744.094,4745.41,4742.75,4743.116,420,280,0
1776904380,4743.013,4746.715,4743.013,4745.933,441,280,0
1776904440,4745.932,4747.078,4744.451,4746.669,351,280,0
1776904500,4746.58,4747.579,4743.359,4743.902,359,280,0
1776904560,4743.622,4746.824,4743.009,4745.426,336,280,0
1776904620,4745.35,4748.133,4745.22,4746.257,389,280,0
1776904680,4746.338,4746.748,4743.503,4743.842,266,280,0
1776904740,4743.751,4747.629,4743.751,4745.769,319,280,0
1776904800,4745.705,4747.593,4744.524,4745.886,310,280,0
1776904860,4745.908,4747.013,4744.522,4744.783,281,280,0
1776904920,4744.847,4744.847,4742.392,4743.478,256,280,0
1776904980,4743.686,4744.583,4742.647,4743.355,212,280,0
1776905040,4743.254,4745.033,4743.254,4744.663,224,280,0
1776905100,4744.598,4746.906,4743.381,4746.198,276,280,0
1776905160,4746.48,4750.027,4746.334,4748.527,326,280,0
1776905220,4748.727,4749.971,4747.471,4748.954,323,280,0
1776905280,4748.941,4749.526,4747.239,4747.433,250,280,0
1776905340,4747.371,4747.954,4745.797,4747.427,257,280,0
1776905400,4747.357,4749.341,4747.021,4748.454,275,280,0
1776905460,4748.567,4751.706,4748.329,4750.035,326,280,0
1776905520,4749.98,4753.764,4748.896,4749.474,394,280,0
1776905580,4749.142,4750.598,4748.919,4749.017,272,280,0
1776905640,4748.969,4749.58,4747.687,4748.254,214,280,0
1776905700,4748.319,4748.397,4746.508,4746.803,253,280,0
1776905760,4746.723,4746.723,4745.175,4745.764,229,280,0
1776905820,4745.8,4746.439,4744.773,4745.483,161,280,0
1776905880,4745.545,4745.948,4744.965,4745.037,119,280,0
1776905940,4744.952,4748.045,4744.952,4747.977,233,280,0
1776906000,4748.105,4748.188,4743.757,4744.778,674,280,0
1776906060,4744.782,4746.21,4742.839,4745.799,293,280,0
1776906120,4745.73,4749.931,4744.982,4748.941,446,280,0
1776906180,4749.021,4749.364,4745.311,4746.049,361,280,0
1776906240,4746.108,4746.447,4744.238,4744.35,335,280,0
1776906300,4744.269,4745.379,4743.602,4744.785,268,280,0
1776906360,4744.768,4744.768,4742.26,4742.728,243,280,0
1776906420,4742.9,4744.595,4742.722,4743.702,231,280,0
1776906480,4743.905,4745.977,4743.227,4745.075,223,280,0
1776906540,4745.237,4745.345,4742.953,4743.774,179,280,0
1776906600,4743.89,4744.051,4742.068,4742.068,151,280,0
1776906660,4742.02,4742.02,4737.728,4739.304,343,280,0
1776906720,4739.264,4740.079,4737.915,4738.392,279,280,0
1776906780,4738.175,4738.661,4735.939,4736.982,263,280,0
1776906840,4736.974,4737.92,4736.602,4737.031,202,280,0
1776906900,4736.849,4738.562,4735.954,4736.748,219,280,0
1776906960,4736.722,4738.21,4733.236,4735.381,313,280,0
1776907020,4735.454,4735.733,4732.745,4734.532,269,280,0
1776907080,4734.597,4736.567,4733.473,4734.044,224,280,0
1776907140,4733.986,4734.722,4732.913,4734.281,181,280,0
1776907200,4734.286,4735.277,4732.845,4733.629,184,280,0
1776907260,4733.658,4734.013,4730.69,4731.089,210,280,0
1776907320,4731.028,4731.418,4729.622,4730.272,196,280,0
1776907380,4730.283,4730.511,4728.505,4730.221,268,280,0
1776907440,4730.347,4733.408,4729.884,4733.279,251,280,0
1776907500,4733.302,4734.844,4732.057,4734.844,207,280,0
1776907560,4734.709,4735.024,4732.957,4734.308,171,280,0
1776907620,4734.243,4735.389,4733.272,4733.506,159,280,0
1776907680,4733.444,4734.482,4732.144,4732.306,174,280,0
1776907740,4732.203,4732.317,4727.062,4728.26,291,280,0
1776907800,4728.309,4730.471,4725.798,4729.909,401,280,0
1776907860,4730.145,4732.913,4729.829,4730.444,336,280,0
1776907920,4730.378,4732.559,4729.363,4731.679,292,280,0
1776907980,4731.839,4732.091,4728.358,4729.181,244,280,0
1776908040,4729.05,4730.117,4728.483,4729.216,281,280,0
1776908100,4729.284,4731.805,4729.284,4731.215,211,280,0
1776908160,4731.184,4732.119,4729.926,4731.557,246,280,0
1776908220,4731.525,4732.404,4729.915,4730.377,197,280,0
1776908280,4730.436,4731.023,4728.872,4729.8,189,280,0
1776908340,4729.863,4732.794,4729.743,4732.7,231,280,0
1776908400,4732.5,4733.037,4731.699,4732.958,169,280,0
1776908460,4732.906,4735.123,4732.906,4734.927,216,280,0
1776908520,4734.857,4735.577,4734.153,4734.16,176,280,0
1776908580,4734.225,4734.425,4732.994,4734.008,166,280,0
1776908640,4733.98,4734.372,4731.73,4733.818,253,280,0
1776908700,4733.943,4735.14,4733.383,4734.67,179,280,0
1776908760,4734.942,4736.313,4734.278,4736.192,220,280,0
1776908820,4736.333,4736.711,4734.78,4735.86,181,280,0
1776908880,4735.925,4736.725,4735.339,4735.44,178,280,0
1776908940,4735.351,4735.574,4733.668,4734.052,247,280,0
1776909000,4733.954,4736.316,4733.46,4735.928,202,280,0
1776909060,4735.702,4735.899,4730.502,4731.16,363,280,0
1776909120,4731.099,4732.618,4730.063,4730.702,333,280,0
1776909180,4730.577,4730.636,4725.959,4727.351,289,280,0
1776909240,4727.292,4728.203,4724.184,4724.899,338,280,0
1776909300,4724.96,4725.875,4723.122,4724.609,291,280,0
1776909360,4724.631,4727.918,4724.506,4726.678,307,280,0
1776909420,4727.004,4727.391,4724.195,4725.354,222,280,0
1776909480,4725.428,4725.644,4722.76,4723.882,338,280,0
1776909540,4723.824,4725.04,4722.507,4723.229,264,280,0
1776909600,4723.356,4724.728,4722.283,4723.506,307,280,0
1776909660,4723.297,4724.109,4720.736,4721.713,354,280,0
1776909720,4721.946,4723.922,4721.201,4722.688,282,280,0
1776909780,4722.718,4723.772,4720.756,4722.184,245,280,0
1776909840,4722.029,4722.935,4720.024,4720.614,243,280,0
1776909900,4720.774,4722.154,4716.603,4717.783,409,280,0
1776909960,4717.724,4720.632,4717.103,4720.264,256,280,0
1776910020,4720.028,4721.05,4718.554,4718.797,292,280,0
1776910080,4718.804,4719.54,4712.507,4714.054,410,280,0
1776910140,4713.997,4714.561,4711.751,4714.427,313,280,0
1776910200,4714.591,4714.683,4709.911,4710.123,246,280,0
1776910260,4710.273,4711.353,4708.168,4709.317,317,280,0
1776910320,4709.384,4713.38,4709.384,4713.174,302,280,0
1776910380,4713.26,4713.598,4707.63,4709.321,403,280,0
1776910440,4709.38,4710.046,4706.586,4707.459,353,280,0
1776910500,4707.55,4708.224,4704.909,4708.224,367,280,0
1776910560,4708.339,4710.072,4708.167,4709.284,283,280,0
1776910620,4709.579,4711.511,4707.037,4707.453,388,280,0
1776910680,4707.592,4709.899,4706.915,4709.155,388,280,0
1776910740,4709.314,4711.181,4709.314,4710.595,297,280,0
1776910800,4710.458,4714.253,4710.458,4713.908,321,280,0
1776910860,4713.849,4716.386,4713.68,4715.488,221,280,0
1776910920,4715.509,4717.909,4715.303,4717.77,247,280,0
1776910980,4717.699,4717.699,4713.621,4714.061,211,280,0
1776911040,4714.289,4715.649,4714.147,4715.42,198,280,0
1776911100,4715.696,4716.638,4715.358,4715.942,149,280,0
1776911160,4716.007,4717.779,4714.836,4715.894,209,280,0
1776911220,4715.834,4717.114,4714.613,4716.889,218,280,0
1776911280,4716.948,4717.348,4713.565,4714.305,199,280,0
1776911340,4714.544,4715.135,4713.469,4713.87,192,280,0
1776911400,4713.933,4714.306,4708.563,4710.21,436,280,0
1776911460,4710.218,4713.034,4708.46,4712.606,341,280,0
1776911520,4712.683,4714.952,4712.683,4714.088,234,280,0
1776911580,4713.972,4714.259,4711.937,4712.834,306,280,0
1776911640,4712.653,4714.212,4712.058,4712.623,249,280,0
1776911700,4712.531,4714.47,4711.4,4714.339,299,280,0
1776911760,4714.202,4715.656,4713.631,4714.678,276,280,0
1776911820,4714.743,4714.992,4708.31,4709.768,459,280,0
1776911880,4709.846,4710.488,4706.796,4709.126,408,280,0
1776911940,4708.991,4712.159,4707.788,4711.607,354,280,0
1776912000,4711.732,4712.937,4709.324,4709.463,259,280,0
1776912060,4709.489,4710.253,4708.705,4709.566,263,280,0
1776912120,4709.629,4710.101,4703.807,4705.168,402,280,0
1776912180,4705.162,4705.786,4703.415,4704.005,318,280,0
1776912240,4703.943,4704.223,4700.285,4701.34,361,280,0
1776912300,4701.282,4704.749,4701.198,4703.079,413,280,0
1776912360,4702.86,4704.409,4700.079,4701.728,353,280,0
1776912420,4701.664,4704.372,4698.703,4703.983,392,280,0
1776912480,4703.986,4705.484,4703.061,4704.45,334,280,0
1776912540,4704.552,4706.483,4704.441,4706.483,223,280,0
1776912600,4706.37,4707.417,4705.767,4707.057,233,280,0
1776912660,4707.294,4707.363,4704.884,4705.586,235,280,0
1776912720,4705.645,4706.958,4703.022,4706.736,335,280,0
1776912780,4706.832,4706.874,4704.315,4705.983,277,280,0
1776912840,4705.903,4705.968,4702.49,4703.368,347,280,0
1776912900,4703.214,4703.759,4699.404,4699.96,451,280,0
1776912960,4699.896,4700.703,4698.03,4700.282,404,280,0
1776913020,4700.338,4701.238,4699.622,4700.24,340,280,0
1776913080,4700.335,4703.168,4700.15,4701.465,344,280,0
1776913140,4701.507,4701.565,4698.409,4698.846,299,280,0
1776913200,4698.881,4701.807,4698.881,4700.964,335,280,0
1776913260,4700.903,4704.17,4699.792,4703.916,363,280,0
1776913320,4703.961,4706.71,4703.295,4705.254,443,280,0
1776913380,4705.313,4707.564,4704.875,4707.161,358,280,0
1776913440,4707.055,4708.402,4705.697,4708.265,274,280,0
1776913500,4708.381,4708.706,4705.576,4706.371,216,280,0
1776913560,4706.274,4706.276,4702.589,4702.713,318,280,0
1776913620,4702.565,4703.831,4701.748,4702.74,250,280,0
1776913680,4702.617,4704.09,4701.512,4703.352,262,280,0
1776913740,4703.293,4706.011,4702.268,4703.742,259,280,0
1776913800,4703.588,4703.786,4698.232,4700.597,381,280,0
1776913860,4700.47,4701.455,4699.833,4700.952,256,280,0
1776913920,4700.888,4701.346,4698.565,4700.115,353,280,0
1776913980,4699.794,4702.127,4699.562,4700.579,290,280,0
1776914040,4700.514,4702.739,4700.337,4701.877,272,280,0
1776914100,4702.166,4703.893,4701.838,4703.498,270,280,0
1776914160,4703.307,4704.739,4703.105,4704.077,286,280,0
1776914220,4703.953,4704.477,4700.787,4701.594,300,280,0
1776914280,4701.62,4701.74,4699.686,4699.824,262,280,0
1776914340,4699.759,4700.589,4697.982,4700.318,293,280,0
1776914400,4700.6,4701.31,4699.114,4700.136,227,280,0
1776914460,4699.993,4703.011,4699.946,4702.934,267,280,0
1776914520,4702.998,4704.505,4702.813,4703.607,265,280,0
1776914580,4703.674,4705.559,4703.169,4703.856,188,280,0
1776914640,4703.866,4704.391,4702.74,4704.053,190,280,0
1776914700,4704.263,4705.568,4702.349,4703.038,194,280,0
1776914760,4702.878,4704.887,4702.757,4703.713,202,280,0
1776914820,4703.838,4705.834,4703.421,4703.726,210,280,0
1776914880,4703.641,4704.802,4702.786,4703.487,242,280,0
1776914940,4703.427,4703.648,4701.678,4703.352,255,280,0
1776915000,4703.248,4704.663,4701.782,4703.09,259,280,0
1776915060,4703.09,4705.318,4701.803,4704.853,262,280,0
1776915120,4704.71,4704.926,4703.756,4704.318,174,280,0
1776915180,4704.197,4704.257,4701.364,4702.284,176,280,0
1776915240,4702.226,4704.005,4702.008,4703.229,162,280,0
1776915300,4703.284,4703.909,4702.798,4703.482,140,280,0
1776915360,4703.603,4704.194,4701.636,4703.452,214,280,0
1776915420,4703.592,4704.36,4702.676,4702.853,156,280,0
1776915480,4703.031,4703.47,4702.475,4702.739,133,280,0
1776915540,4702.774,4703.051,4701.923,4702.631,117,280,0
1776915600,4702.741,4703.37,4701.033,4702.872,172,280,0
1776915660,4703.13,4706.325,4703.074,4705.818,239,280,0
1776915720,4705.908,4706.996,4705.427,4705.636,175,280,0
1776915780,4705.828,4706.225,4704.288,4704.484,187,280,0
1776915840,4704.527,4705.45,4704.364,4704.903,153,280,0
1776915900,4704.789,4706.116,4703.637,4704.244,202,280,0
1776915960,4704.318,4706.466,4704.209,4705.922,173,280,0
1776916020,4705.93,4707.414,4705.93,4706.47,138,280,0
1776916080,4706.526,4706.99,4706.06,4706.807,114,280,0
1776916140,4706.627,4706.718,4705.482,4706.498,92,280,0
1776916200,4706.557,4707.237,4705.963,4706.346,132,280,0
1776916260,4706.136,4706.428,4704.745,4705.648,169,280,0
1776916320,4705.57,4706.93,4705.519,4706.249,137,280,0
1776916380,4706.331,4706.735,4705.775,4705.982,97,280,0
1776916440,4706.092,4706.153,4705.117,4705.618,97,280,0
1776916500,4705.673,4705.875,4702.626,4703.197,145,280,0
1776916560,4703.22,4703.749,4702.795,4702.943,136,280,0
1776916620,4702.94,4704.072,4702.485,4703.99,120,280,0
1776916680,4704.228,4705.013,4703.663,4704.158,130,280,0
1776916740,4704.142,4704.511,4703.597,4703.895,81,280,0
1776916800,4703.805,4704.167,4703.073,4703.57,89,280,0
1776916860,4703.582,4703.871,4701.335,4701.936,93,280,0
1776916920,4701.776,4702.694,4701.465,4702.514,77,280,0
1776916980,4702.51,4703.029,4702.196,4702.557,136,280,0
1776917040,4702.821,4702.992,4702.297,4702.628,86,280,0
1776917100,4702.552,4703.279,4700.66,4700.66,115,280,0
1776917160,4700.966,4702.399,4700.895,4702.399,135,280,0
1776917220,4702.179,4703.894,4702.179,4703.422,122,280,0
1776917280,4703.624,4706.093,4703.166,4705.264,141,280,0
1776917340,4705.264,4706.009,4703.367,4704.389,141,280,0
1776917400,4704.213,4705.428,4703.935,4704.422,96,280,0
1776917460,4704.236,4705.381,4704.11,4705.381,94,280,0
1776917520,4705.1,4706.056,4705.1,4705.767,129,280,0
1776917580,4705.832,4705.832,4704.235,4705.491,107,280,0
1776917640,4705.276,4706.549,4704.993,4706.115,98,280,0
1776917700,4706.12,4706.292,4705.212,4705.707,116,280,0
1776917760,4705.586,4705.976,4705.084,4705.272,94,280,0
1776917820,4705.131,4705.478,4703.888,4704.127,144,280,0
1776917880,4704.127,4705.197,4704.127,4704.996,88,280,0
1776917940,4705.068,4705.262,4704.413,4704.575,100,280,0
1776918000,4704.696,4705.657,4704.069,4705.501,109,280,0
1776918060,4705.444,4706.978,4705.01,4706.201,104,280,0
1776918120,4706.277,4706.326,4705.564,4706.271,73,280,0
1776918180,4706.279,4707.008,4705.332,4705.332,114,280,0
1776918240,4705.459,4705.996,4703.605,4703.951,114,280,0
1776918300,4703.836,4704.726,4702.82,4703.49,112,280,0
1776918360,4703.463,4705.081,4702.904,4704.428,135,280,0
1776918420,4704.476,4704.867,4704.081,4704.791,97,280,0
1776918480,4704.513,4705.983,4704.43,4705.38,97,280,0
1776918540,4705.278,4705.514,4704.52,4705.354,93,280,0
1776918600,4705.369,4706.619,4704.871,4705.618,133,280,0
1776918660,4705.703,4705.86,4704.703,4705.087,122,280,0
1776918720,4704.982,4705.762,4704.902,4705.206,74,280,0
1776918780,4705.236,4706.67,4705.1,4706.207,102,280,0
1776918840,4705.922,4706.629,4705.843,4705.889,60,280,0
1776918900,4705.832,4706.938,4705.523,4705.543,104,280,0
1776918960,4705.326,4705.928,4704.198,4704.345,98,280,0
1776919020,4704.284,4704.892,4704.048,4704.27,108,280,0
1776919080,4704.278,4704.352,4702.239,4702.718,147,280,0
1776919140,4702.774,4703.404,4702.598,4703.038,83,280,0
1776919200,4703.096,4703.68,4702.662,4702.706,106,280,0
1776919260,4702.694,4702.829,4701.616,4702.489,126,280,0
1776919320,4702.471,4703.766,4702.114,4702.495,139,280,0
1776919380,4702.545,4703.131,4701.551,4702.309,111,280,0
1776919440,4702.34,4702.34,4701.467,4701.863,83,280,0
1776919500,4701.773,4702.371,4700.178,4700.397,139,280,0
1776919560,4700.207,4700.469,4699.649,4699.797,122,280,0
1776919620,4699.805,4700.374,4698.638,4700.005,103,280,0
1776919680,4699.941,4700.741,4699.486,4700.741,104,280,0
1776919740,4700.819,4702.847,4700.819,4702.079,113,280,0
1776919800,4702.032,4702.845,4701.762,4701.983,103,280,0
1776919860,4702.042,4703.309,4701.78,4702.704,88,280,0
1776919920,4702.625,4703.61,4702.267,4703.114,141,280,0
1776919980,4703.412,4703.46,4702.337,4702.588,94,280,0
1776920040,4702.873,4703.828,4702.25,4702.673,140,280,0
1776920100,4702.423,4702.827,4701.238,4701.554,94,280,0
1776920160,4701.422,4701.742,4701.31,4701.672,58,280,0
1776920220,4701.521,4702.776,4701.486,4702.475,113,280,0
1776920280,4702.25,4703.26,4702.098,4703.167,90,280,0
1776920340,4703.035,4704.625,4703.035,4704.486,93,280,0
1776920400,4704.201,4707.143,4703.299,4706.894,174,280,0
1776920460,4706.642,4708.189,4706.627,4706.627,161,280,0
1776920520,4706.923,4708.069,4706.727,4707.683,143,280,0
1776920580,4707.643,4708.752,4706.674,4707.105,109,280,0
1776920640,4706.813,4707.461,4706.046,4707.205,95,280,0
1776920700,4707.012,4708.044,4706.151,4706.975,134,280,0
1776920760,4706.858,4707.715,4706.534,4707.386,162,280,0
1776920820,4707.054,4709.809,4707.054,4709.273,161,280,0
1776920880,4709.439,4709.439,4708.584,4708.765,76,280,0
1776920940,4708.765,4709.998,4708.765,4709.67,96,280,0
1776921000,4709.728,4710.125,4708.832,4709.661,93,280,0
1776921060,4709.611,4710.007,4708.915,4709.693,102,280,0
1776921120,4709.633,4710.196,4709.546,4709.966,90,280,0
1776921180,4710.273,4710.273,4707.845,4707.913,140,280,0
1776921240,4707.911,4708.576,4707.553,4707.915,96,280,0
1776921300,4707.905,4708.091,4706.902,4707.307,112,280,0
1776921360,4707.28,4707.878,4706.696,4706.73,158,280,0
1776921420,4706.761,4706.761,4705.743,4706.541,115,280,0
1776921480,4706.482,4706.863,4706.118,4706.74,160,280,0
1776921540,4706.762,4707.214,4706.419,4707.07,134,280,0
1776921600,4706.864,4707.805,4706.732,4707.623,132,280,0
1776921660,4707.627,4709.2,4707.627,4708.811,116,280,0
1776921720,4708.74,4708.809,4707.393,4707.777,138,280,0
1776921780,4707.944,4708.027,4706.87,4707.418,110,280,0
1776921840,4707.698,4707.758,4705.984,4706.347,105,280,0
1776921900,4706.582,4706.589,4705.259,4706.499,112,280,0
1776921960,4706.747,4707.535,4705.548,4705.651,164,280,0
1776922020,4705.888,4706.559,4705.431,4705.57,125,280,0
1776922080,4705.633,4707.581,4705.536,4705.781,129,280,0
1776922140,4705.808,4706.426,4705.556,4706.048,88,280,0
1776922200,4705.82,4706.195,4692.157,4697.302,1029,280,0
1776922260,4697.244,4701.7,4697.165,4701.339,478,280,0
1776922320,4701.541,4704.604,4701.27,4704.023,327,280,0
1776922380,4703.953,4706.321,4703.657,4705.712,313,280,0
1776922440,4705.752,4707.057,4705.044,4705.996,217,280,0
1776922500,4705.891,4706.176,4704.142,4704.54,244,280,0
1776922560,4704.485,4704.485,4702.429,4702.92,216,280,0
1776922620,4703.261,4704.484,4703.112,4704.064,196,280,0
1776922680,4703.933,4705.01,4702.304,4704.644,176,280,0
1776922740,4704.825,4705.118,4701.978,4702.783,165,280,0
1776922800,4703.075,4703.766,4702.006,4702.622,195,280,0
1776922860,4702.637,4703.473,4702.148,4702.374,190,280,0
1776922920,4702.318,4702.854,4700.909,4702.279,166,280,0
1776922980,4702.184,4703.169,4701.355,4702.243,218,280,0
1776923040,4702.199,4703.001,4701.41,4701.675,170,280,0
1776923100,4701.616,4706.4,4701.327,4705.85,222,280,0
1776923160,4705.948,4708.846,4705.927,4707.992,309,280,0
1776923220,4708.073,4708.505,4706.06,4706.245,275,280,0
1776923280,4706.311,4708.506,4706.311,4708.425,203,280,0
1776923340,4708.367,4710.495,4708.019,4710.346,162,280,0
1776923400,4710.429,4714.143,4710.34,4713.318,240,280,0
1776923460,4713.378,4715.326,4711.532,4714.029,347,280,0
1776923520,4714.017,4714.427,4712.523,4712.633,224,280,0
1776923580,4712.447,4712.655,4711.38,4711.765,188,280,0
1776923640,4711.829,4712.323,4710.924,4711.815,172,280,0
1776923700,4711.939,4714.725,4711.645,4714.313,165,280,0
1776923760,4714.16,4714.798,4712.213,4712.501,212,280,0
1776923820,4712.233,4712.631,4710.858,4711.197,145,280,0
1776923880,4711.234,4713.376,4711.115,4713.188,214,280,0
1776923940,4713.326,4714.283,4712.206,4713.257,220,280,0
1776924000,4713.53,4716.355,4713.096,4715.958,200,280,0
1776924060,4716.022,4718.116,4715.596,4717.544,182,280,0
1776924120,4717.601,4717.601,4716.135,4716.61,196,280,0
1776924180,4716.39,4717.467,4714.533,4714.575,173,280,0
1776924240,4714.633,4714.799,4713.348,4714.373,214,280,0
1776924300,4714.41,4716.07,4713.97,4715.136,188,280,0
1776924360,4715.072,4716.914,4714.474,4716.686,192,280,0
1776924420,4716.624,4716.861,4713.717,4714.21,263,280,0
1776924480,4714.2,4715.22,4712.035,4712.178,218,280,0
1776924540,4712.168,4713.239,4711.407,4713.095,192,280,0
1776924600,4712.866,4713.48,4711.794,4712.209,113,280,0
1776924660,4711.872,4714.954,4711.562,4714.899,215,280,0
1776924720,4714.788,4715.571,4713.145,4713.145,159,280,0
1776924780,4713.144,4713.369,4711.449,4711.631,141,280,0
1776924840,4711.566,4712.201,4710.785,4711.958,143,280,0
1776924900,4711.666,4712.445,4710.061,4710.061,154,280,0
1776924960,4710.28,4711.054,4709.573,4709.573,111,280,0
1776925020,4709.626,4712.018,4709.505,4711.06,195,280,0
1776925080,4711.254,4711.72,4710.33,4710.954,120,280,0
1776925140,4710.728,4710.929,4709.86,4710.357,128,280,0
1776925200,4710.249,4710.622,4708.695,4709.218,144,280,0
1776925260,4709.278,4710.63,4708.651,4710.43,146,280,0
1776925320,4710.418,4712.462,4710.261,4711.68,149,280,0
1776925380,4711.633,4711.909,4710.642,4710.758,138,280,0
1776925440,4710.815,4712.532,4710.388,4712.255,120,280,0
1776925500,4712.506,4713.117,4711.045,4711.768,139,280,0
1776925560,4711.786,4714.241,4711.383,4713.98,172,280,0
1776925620,4713.942,4714.212,4712.876,4713.012,141,280,0
1776925680,4713.072,4713.896,4712.055,4712.055,128,280,0
1776925740,4712.342,4712.628,4711.34,4712.284,133,280,0
1776925800,4712.291,4712.291,4710.669,4711.511,174,280,0
1776925860,4711.573,4712.703,4710.811,4712.535,152,280,0
1776925920,4712.486,4713.248,4711.719,4712.27,156,280,0
1776925980,4712.33,4712.941,4711.786,4712.78,94,280,0
1776926040,4712.89,4713.439,4712.087,4712.218,117,280,0
1776926100,4712.117,4712.457,4709.184,4710.735,188,280,0
1776926160,4710.832,4713.369,4710.58,4712.987,143,280,0
1776926220,4713.113,4714.391,4712.578,4713.327,138,280,0
1776926280,4712.986,4713.752,4712.748,4712.999,107,280,0
1776926340,4712.731,4713.512,4711.279,4713.238,199,280,0
1776926400,4713.177,4715.083,4713.087,4713.852,136,280,0
1776926460,4713.915,4714.418,4713.227,4713.776,117,280,0
1776926520,4713.439,4716.25,4713.312,4716.25,180,280,0
1776926580,4716.181,4717.143,4715.768,4716.745,163,280,0
1776926640,4716.73,4716.73,4714.881,4714.881,117,280,0
1776926700,4715.222,4717.218,4714.064,4716.679,179,280,0
1776926760,4716.639,4718.928,4716.605,4717.19,137,280,0
1776926820,4717.433,4719.838,4716.552,4718.965,240,280,0
1776926880,4718.987,4720.072,4716.943,4717.242,216,280,0
1776926940,4717.397,4717.541,4713.674,4716.277,388,280,0
1776927000,4716.08,4721.211,4716.08,4717.853,292,280,0
1776927060,4717.763,4718.52,4715.328,4716.763,242,280,0
1776927120,4716.615,4717.834,4715.984,4716.565,250,280,0
1776927180,4716.504,4717.145,4714.678,4715.133,160,280,0
1776927240,4715.139,4715.872,4714.074,4714.445,139,280,0
1776927300,4714.329,4716.725,4712.416,4714.963,320,280,0
1776927360,4714.84,4715.872,4714.762,4714.849,106,280,0
1776927420,4714.908,4716.439,4714.157,4716.33,141,280,0
1776927480,4716.302,4716.838,4714.244,4714.451,162,280,0
1776927540,4714.547,4714.547,4712.006,4712.933,163,280,0
1776927600,4712.988,4713.134,4709.148,4709.148,199,280,0
1776927660,4709.378,4710.355,4707.448,4708.056,342,280,0
1776927720,4708.114,4710.681,4707.597,4709.688,261,280,0
1776927780,4709.777,4711.673,4708.441,4711.422,217,280,0
1776927840,4711.518,4713.229,4709.7,4712.469,215,280,0
1776927900,4712.526,4715.355,4712.153,4712.282,223,280,0
1776927960,4712.364,4713.525,4711.201,4713.47,186,280,0
1776928020,4713.581,4713.581,4711.264,4711.448,174,280,0
1776928080,4711.389,4714.045,4710.285,4712.385,234,280,0
1776928140,4712.455,4713.574,4709.426,4709.984,252,280,0
1776928200,4710.064,4716.32,4710.064,4713.225,531,280,0
1776928260,4713.162,4713.607,4710.04,4711.391,174,280,0
1776928320,4711.501,4712.04,4710.587,4710.734,150,280,0
1776928380,4710.571,4710.805,4708.989,4710.163,112,280,0
1776928440,4710.095,4712.478,4709.934,4712.143,158,280,0
1776928500,4712.128,4713.549,4711.445,4712.082,148,280,0
1776928560,4711.981,4712.64,4709.1,4711.891,149,280,0
1776928620,4712.031,4713.737,4711.24,4711.419,150,280,0
1776928680,4711.198,4711.783,4710.309,4711.492,168,280,0
1776928740,4711.438,4713.871,4711.252,4712.612,286,280,0
1776928800,4712.698,4713.156,4708.562,4708.799,268,280,0
1776928860,4708.825,4708.908,4706.617,4707.199,203,280,0
1776928920,4707.264,4708.841,4704.968,4705.266,216,280,0
1776928980,4705.201,4705.749,4703.589,4704.696,230,280,0
1776929040,4704.753,4707.08,4703.142,4705.613,282,280,0
1776929100,4705.652,4707.067,4704.951,4705.983,238,280,0
1776929160,4705.982,4708.947,4705.683,4708.23,259,280,0
1776929220,4708.238,4709.816,4708.238,4708.985,171,280,0
1776929280,4709.003,4709.296,4706.451,4706.578,194,280,0
1776929340,4706.561,4706.633,4705.336,4705.908,105,280,0
1776929400,4705.933,4705.933,4703.424,4704.688,137,280,0
1776929460,4704.769,4705.139,4703.637,4704.463,109,280,0
1776929520,4704.526,4708.454,4704.402,4707.76,125,280,0
1776929580,4707.818,4708.525,4706.799,4708.188,144,280,0
1776929640,4708.255,4711.364,4707.962,4710.654,135,280,0
1776929700,4710.712,4712.697,4710.448,4711.85,169,280,0
1776929760,4711.91,4713.346,4711.117,4711.533,168,280,0
1776929820,4711.557,4712.229,4709.745,4709.984,164,280,0
1776929880,4709.901,4711.123,4709.404,4710.847,151,280,0
1776929940,4710.889,4711.573,4709.188,4709.417,147,280,0
1776930000,4709.432,4709.874,4708.751,4708.832,154,280,0
1776930060,4708.66,4710.054,4708.541,4708.792,108,280,0
1776930120,4708.756,4709.457,4708.356,4709.428,101,280,0
1776930180,4709.5,4711.413,4708.898,4711.346,118,280,0
1776930240,4711.112,4713.818,4710.957,4713.503,146,280,0
1776930300,4713.468,4716.114,4713.468,4714.469,205,280,0
1776930360,4714.642,4714.937,4713.33,4713.876,128,280,0
1776930420,4713.792,4715.235,4713.792,4714.868,151,280,0
1776930480,4714.818,4717.804,4714.215,4716.985,148,280,0
1776930540,4716.955,4720.352,4716.955,4720.229,175,280,0
1776930600,4720.149,4720.39,4718.909,4719.28,168,280,0
1776930660,4719.472,4719.625,4718.111,4718.642,172,280,0
1776930720,4718.583,4719.011,4715.85,4716.196,165,280,0
1776930780,4716.124,4717.043,4716.004,4716.484,120,280,0
1776930840,4716.501,4716.764,4715.613,4716.089,107,280,0
1776930900,4716.032,4718.139,4715.994,4717.598,132,280,0
1776930960,4717.64,4718.448,4717.01,4717.381,153,280,0
1776931020,4717.381,4718.21,4716.381,4717.867,135,280,0
1776931080,4717.953,4718.591,4717.31,4718.313,96,280,0
1776931140,4718.2,4720.032,4718.163,4718.977,110,280,0
1776931200,4719.008,4724.812,4718.901,4724.327,146,280,0
1776931260,4724.247,4724.527,4722.172,4722.325,126,280,0
1776931320,4722.268,4723.121,4719.94,4720.688,126,280,0
1776931380,4720.752,4721.131,4720.106,4721.034,119,280,0
1776931440,4721.096,4722.258,4720.476,4721.316,134,280,0
1776931500,4721.284,4723.231,4718.945,4719.097,254,280,0
1776931560,4719.054,4721.047,4718.835,4719.725,147,280,0
1776931620,4719.468,4719.545,4718.343,4719.104,152,280,0
1776931680,4718.933,4719.378,4718.082,4718.607,138,280,0
1776931740,4718.444,4719.273,4718.22,4718.778,131,280,0
1776931800,4718.836,4719.371,4717.695,4718.131,135,280,0
1776931860,4718.096,4718.977,4717.523,4718.508,156,280,0
1776931920,4718.504,4720.109,4718.062,4719.914,136,280,0
1776931980,4719.815,4720.714,4719.154,4719.709,162,280,0
1776932040,4719.71,4720.063,4717.979,4718.278,128,280,0
1776932100,4718.34,4719.071,4717.469,4718.255,129,280,0
1776932160,4718.328,4720.954,4718.328,4719.478,151,280,0
1776932220,4719.537,4720.568,4719.073,4720.512,106,280,0
1776932280,4720.572,4721.102,4720.315,4720.469,123,280,0
1776932340,4720.409,4720.512,4719.602,4720.42,105,280,0
1776932400,4720.191,4722.014,4718.986,4719.399,153,280,0
1776932460,4719.484,4720.764,4719.133,4719.133,124,280,0
1776932520,4719.068,4719.325,4718.015,4718.103,106,280,0
1776932580,4717.997,4718.313,4716.877,4717.243,118,280,0
1776932640,4717.232,4718.308,4717.076,4718.174,124,280,0
1776932700,4718.221,4718.42,4717.167,4717.656,117,280,0
1776932760,4717.69,4720.815,4717.67,4720.157,163,280,0
1776932820,4720.101,4720.864,4719.423,4719.423,96,280,0
1776932880,4719.626,4720.811,4719.198,4719.483,125,280,0
1776932940,4719.562,4719.679,4714.97,4715.438,196,280,0
1776933000,4715.384,4716.081,4713.246,4714.769,145,280,0
1776933060,4714.617,4714.729,4713.362,4713.363,79,280,0
1776933120,4713.139,4713.351,4709.54,4709.804,127,280,0
1776933180,4709.751,4711.65,4708.426,4711.567,246,280,0
1776933240,4711.609,4712.35,4709.69,4709.895,188,280,0
1776933300,4709.957,4710.96,4708.772,4709.481,192,280,0
1776933360,4709.445,4709.611,4707.431,4707.935,195,280,0
1776933420,4707.85,4707.85,4704.74,4706.23,225,280,0
1776933480,4706.191,4708.057,4705.884,4707.924,198,280,0
1776933540,4707.759,4707.965,4706.232,4707.853,183,280,0
1776933600,4707.644,4707.706,4705.605,4706.311,189,280,0
1776933660,4706.251,4706.875,4705.359,4706.739,164,280,0
1776933720,4706.917,4708.543,4706.792,4708.517,170,280,0
1776933780,4708.376,4709.04,4705.753,4705.789,165,280,0
1776933840,4705.742,4706.235,4703.436,4703.984,176,280,0
1776933900,4703.919,4703.977,4702.085,4702.788,175,280,0
1776933960,4702.85,4702.956,4701.462,4702.774,172,280,0
1776934020,4702.76,4705.833,4702.692,4705.833,188,280,0
1776934080,4705.896,4706.236,4704.11,4705.112,149,280,0
1776934140,4705.385,4706.12,4703.907,4705.982,149,280,0
1776934200,4705.757,4707.154,4705.757,4706.152,144,280,0
1776934260,4706.154,4707.277,4704.938,4705.504,149,280,0
1776934320,4705.722,4706.557,4704.405,4706.557,133,280,0
1776934380,4706.389,4706.575,4705.467,4705.716,161,280,0
1776934440,4705.716,4705.716,4703.704,4704.699,107,280,0
1776934500,4704.774,4705.806,4704.086,4704.949,136,280,0
1776934560,4704.956,4706.202,4704.754,4706.083,138,280,0
1776934620,4706.177,4706.401,4705.499,4706.051,115,280,0
1776934680,4706.075,4706.17,4704.448,4704.756,125,280,0
1776934740,4705.02,4705.377,4703.2,4703.438,126,280,0
1776934800,4703.381,4703.757,4701.823,4701.823,228,280,0
1776934860,4701.97,4703.562,4701.309,4701.76,162,280,0
1776934920,4701.976,4701.984,4698.529,4699.043,250,280,0
1776934980,4699.105,4700.576,4697.553,4698.971,257,280,0
1776935040,4699.037,4699.796,4695.07,4696.902,250,280,0
1776935100,4696.951,4699.961,4696.818,4699.684,236,280,0
1776935160,4699.732,4700.517,4697.757,4697.757,209,280,0
1776935220,4697.774,4699.471,4697.377,4698.253,248,280,0
1776935280,4698.386,4698.659,4694.742,4695.553,247,280,0
1776935340,4695.488,4696.787,4694.753,4695.507,200,280,0
1776935400,4695.625,4699.055,4695.234,4698.474,157,280,0
1776935460,4698.27,4700.637,4698.114,4699.566,177,280,0
1776935520,4699.522,4700.337,4698.814,4699.383,145,280,0
1776935580,4699.283,4700.381,4697.733,4698.182,176,280,0
1776935640,4698.047,4698.27,4696.033,4697.047,161,280,0
1776935700,4697.025,4697.982,4695.493,4697.982,195,280,0
1776935760,4698.039,4699.318,4697.169,4698.111,203,280,0
1776935820,4698.183,4700.244,4697.896,4699.597,305,280,0
1776935880,4699.543,4702.441,4699.489,4700.624,245,280,0
1776935940,4700.612,4700.898,4699.11,4699.99,179,280,0
1776936000,4699.75,4700.965,4699.079,4700.543,157,280,0
1776936060,4700.581,4701.161,4699.982,4700.743,151,280,0
1776936120,4700.861,4702.444,4700.8,4701.951,124,280,0
1776936180,4701.894,4701.93,4700.898,4700.898,117,280,0
1776936240,4701.121,4701.998,4700.699,4701.914,127,280,0
1776936300,4701.93,4702.266,4699.745,4700.022,115,280,0
1776936360,4699.922,4701.433,4699.922,4701.403,123,280,0
1776936420,4701.141,4702.526,4701.026,4701.604,130,280,0
1776936480,4701.666,4702.909,4701.35,4701.525,118,280,0
1776936540,4701.642,4701.642,4699.659,4700.748,118,280,0
1776936600,4700.688,4703.092,4700.428,4701.24,211,280,0
1776936660,4701.229,4702.153,4700.602,4701.181,166,280,0
1776936720,4701.46,4702.148,4700.908,4701.821,139,280,0
1776936780,4701.839,4702.874,4701.46,4702.108,135,280,0
1776936840,4702.177,4702.452,4701.121,4701.274,115,280,0
1776936900,4701.432,4702.858,4700.762,4702.152,203,280,0
1776936960,4701.949,4702.41,4699.382,4699.806,147,280,0
1776937020,4699.849,4700.839,4699.538,4699.622,114,280,0
1776937080,4699.871,4700.679,4699.665,4700.611,129,280,0
1776937140,4700.341,4701.358,4699.774,4700.513,120,280,0
1776937200,4700.41,4701.468,4699.347,4699.695,137,280,0
1776937260,4699.656,4700.667,4698.804,4700.248,146,280,0
1776937320,4700.469,4700.942,4699.514,4700.708,131,280,0
1776937380,4700.624,4701.82,4700.049,4700.465,166,280,0
1776937440,4700.261,4700.893,4699.777,4700.708,125,280,0
1776937500,4700.65,4702.002,4700.51,4700.731,144,280,0
1776937560,4700.859,4701.779,4700.421,4700.695,118,280,0
1776937620,4700.638,4700.8,4699.441,4699.595,119,280,0
1776937680,4699.535,4700.093,4698.347,4699.983,142,280,0
1776937740,4700.161,4700.835,4698.722,4698.922,147,280,0
1776937800,4698.997,4698.997,4696.828,4698.031,133,280,0
1776937860,4697.971,4699.971,4697.503,4699.717,137,280,0
1776937920,4699.727,4700.58,4699.129,4700.323,137,280,0
1776937980,4700.389,4701.212,4697.923,4698.07,211,280,0
1776938040,4698.012,4698.199,4694.866,4697.051,292,280,0
1776938100,4696.994,4699.912,4696.994,4698.248,162,280,0
1776938160,4698.47,4698.787,4697.798,4698.253,104,280,0
1776938220,4698.189,4698.455,4696.494,4697.285,123,280,0
1776938280,4697.227,4697.838,4695.599,4695.745,126,280,0
1776938340,4695.688,4697.733,4695.669,4697.377,137,280,0
1776938400,4697.311,4698.973,4696.272,4698.585,210,280,0
1776938460,4698.527,4701.059,4698.466,4699.177,164,280,0
1776938520,4699.127,4700.706,4698.985,4700.053,115,280,0
1776938580,4700.049,4701.274,4699.837,4700.217,136,280,0
1776938640,4700.161,4700.955,4699.482,4700.507,142,280,0
1776938700,4700.628,4701.659,4699.3,4700.544,155,280,0
1776938760,4700.497,4701.071,4699.693,4700.338,130,280,0
1776938820,4700.201,4700.265,4698.886,4699.226,103,280,0
1776938880,4699.153,4699.218,4693.139,4693.845,205,280,0
1776938940,4693.784,4694.46,4691.206,4691.481,240,280,0
1776939000,4691.541,4692.118,4690.595,4691.59,197,280,0
1776939060,4691.647,4692.953,4690.762,4691.294,180,280,0
1776939120,4691.197,4691.197,4685.289,4689.011,414,280,0
1776939180,4688.974,4689.095,4685.066,4685.759,235,280,0
1776939240,4685.849,4690.059,4685.701,4688.979,221,280,0
1776939300,4688.79,4691.935,4688.718,4691.696,142,280,0
1776939360,4691.626,4692.296,4689.908,4692.049,191,280,0
1776939420,4692.081,4692.421,4688.846,4688.909,188,280,0
1776939480,4688.835,4690.888,4688.313,4690.491,146,280,0
1776939540,4690.508,4691.153,4688.199,4688.281,151,280,0
1776939600,4688.353,4690.535,4688.353,4689.345,173,280,0
1776939660,4689.278,4689.278,4686.207,4687.231,220,280,0
1776939720,4687.173,4687.251,4684.925,4685.68,278,280,0
1776939780,4685.745,4687.666,4684.142,4687.189,282,280,0
1776939840,4687.215,4688.369,4686.262,4687.285,188,280,0
1776939900,4687.27,4689.114,4686.934,4688.761,171,280,0
1776939960,4689.079,4690.676,4688.266,4690.61,189,280,0
1776940020,4690.552,4691.923,4690.125,4690.439,168,280,0
1776940080,4690.451,4690.539,4688.356,4689.004,168,280,0
1776940140,4689.004,4689.369,4686.304,4686.778,165,280,0
1776940200,4686.743,4687.688,4684.361,4685.861,234,280,0
1776940260,4685.803,4688.239,4685.301,4687.512,206,280,0
1776940320,4687.18,4689.693,4687.18,4689.221,167,280,0
1776940380,4689.221,4693.343,4688.816,4692.7,232,280,0
1776940440,4692.623,4693.059,4691.841,4692.215,177,280,0
1776940500,4692.152,4692.832,4691.177,4691.72,186,280,0
1776940560,4691.434,4692.111,4689.581,4690.289,185,280,0
1776940620,4690.351,4692.644,4690.236,4692.391,174,280,0
1776940680,4692.347,4692.876,4690.2,4691.293,164,280,0
1776940740,4691.229,4694.034,4690.966,4693.647,197,280,0
1776940800,4693.652,4696.741,4693.652,4694.94,246,280,0
1776940860,4694.697,4695.295,4692.225,4692.755,190,280,0
1776940920,4692.78,4693.865,4692.305,4692.614,117,280,0
1776940980,4692.553,4692.666,4689.892,4691.104,209,280,0
1776941040,4691.252,4691.484,4690.049,4690.767,164,280,0
1776941100,4690.718,4692.638,4689.985,4692.432,121,280,0
1776941160,4692.491,4693.589,4691.84,4691.84,126,280,0
1776941220,4692.002,4692.576,4690.097,4690.481,127,280,0
1776941280,4690.389,4691.078,4689.579,4690.411,139,280,0
1776941340,4690.353,4690.828,4689.364,4690.27,141,280,0
1776941400,4690.207,4691.534,4689.836,4691.534,149,280,0
1776941460,4691.191,4691.848,4689.931,4691.088,131,280,0
1776941520,4691.085,4691.844,4690.72,4691.452,138,280,0
1776941580,4691.411,4691.742,4690.475,4690.803,77,280,0
1776941640,4690.923,4691.681,4690.355,4691.417,102,280,0
1776941700,4691.408,4692.993,4691.059,4691.467,235,280,0
1776941760,4691.512,4693.292,4691.477,4693.292,146,280,0
1776941820,4693.312,4695.559,4692.979,4695.046,147,280,0
1776941880,4695.104,4697.068,4695.104,4696.665,157,280,0
1776941940,4696.66,4697.028,4696.271,4696.355,122,280,0
1776942000,4696.438,4698.181,4696.438,4697.764,221,280,0
1776942060,4697.732,4698.69,4697.02,4697.99,203,280,0
1776942120,4698.02,4698.726,4695.745,4698.186,184,280,0
1776942180,4698.032,4699.367,4697.378,4699.135,196,280,0
1776942240,4699.192,4700.023,4697.588,4698.389,149,280,0
1776942300,4698.415,4699.824,4698.266,4698.777,138,280,0
1776942360,4698.717,4698.84,4697.139,4697.236,132,280,0
1776942420,4697.343,4697.343,4695.582,4696.254,195,280,0
1776942480,4696.457,4697.821,4695.944,4697.65,139,280,0
1776942540,4697.556,4698.042,4696.453,4697.649,110,280,0
1776942600,4697.649,4698.549,4696.957,4697.127,99,280,0
1776942660,4697.296,4698.368,4697.007,4698.02,114,280,0
1776942720,4697.995,4699.982,4697.485,4699.091,118,280,0
1776942780,4699.088,4699.749,4698.478,4699.131,122,280,0
1776942840,4699.143,4699.986,4696.075,4697.918,305,280,0
1776942900,4697.885,4697.893,4696.532,4697.359,127,280,0
1776942960,4697.663,4698.124,4696.768,4697.065,104,280,0
1776943020,4696.774,4697.623,4696.41,4697.333,139,280,0
1776943080,4697.427,4700.452,4697.183,4700.452,143,280,0
1776943140,4700.327,4702.518,4700.177,4702.124,146,280,0
1776943200,4702.14,4702.384,4701.02,4702.194,134,280,0
1776943260,4701.917,4703.124,4701.917,4702.933,110,280,0
1776943320,4702.911,4703.142,4701.315,4701.463,124,280,0
1776943380,4701.226,4701.895,4700.262,4701.013,168,280,0
1776943440,4701.076,4701.41,4700.766,4701.171,85,280,0
1776943500,4701.341,4702.031,4700.939,4701.467,89,280,0
1776943560,4701.384,4701.571,4700.556,4701.146,119,280,0
1776943620,4700.893,4701.313,4700.377,4700.912,88,280,0
1776943680,4700.825,4701.516,4700.795,4700.954,78,280,0
1776943740,4700.965,4701.07,4697.232,4699.349,222,280,0
1776943800,4699.417,4700.272,4697.851,4699.579,194,280,0
1776943860,4699.531,4700.967,4699.157,4700.633,124,280,0
1776943920,4700.677,4701.327,4698.293,4698.72,145,280,0
1776943980,4698.704,4699.127,4697.056,4697.295,143,280,0
1776944040,4697.316,4698.259,4696.581,4697.526,161,280,0
1776944100,4697.571,4698.845,4697.296,4698.809,114,280,0
1776944160,4698.818,4700.136,4698.561,4699.3,131,280,0
1776944220,4699.358,4703.463,4699.358,4701.262,471,280,0
1776944280,4701.318,4703.334,4700.675,4701.143,221,280,0
1776944340,4701.387,4702.291,4700.721,4702.214,115,280,0
1776944400,4702.151,4703.64,4701.984,4702.415,131,280,0
1776944460,4702.348,4704.177,4701.888,4703.734,135,280,0
1776944520,4703.731,4705.578,4703.643,4705.504,218,280,0
1776944580,4705.531,4705.912,4704.092,4704.464,174,280,0
1776944640,4704.228,4705.208,4704.038,4705.17,145,280,0
1776944700,4705.195,4706.262,4704.553,4705.932,191,280,0
1776944760,4705.776,4708.021,4705.426,4707.825,143,280,0
1776944820,4707.852,4710.912,4707.384,4709.272,302,280,0
1776944880,4709.196,4710.417,4708.42,4709.115,200,280,0
1776944940,4708.894,4709.15,4705.994,4706.164,160,280,0
1776945000,4706.221,4706.591,4705.512,4705.752,131,280,0
1776945060,4705.541,4707.628,4705.416,4707.222,232,280,0
1776945120,4707.158,4712.661,4707.158,4712.123,305,280,0
1776945180,4712.182,4713.204,4711.364,4712.54,190,280,0
1776945240,4712.504,4715.232,4712.375,4714.739,296,280,0
1776945300,4714.846,4718.787,4713.801,4716.844,277,280,0
1776945360,4716.877,4717.26,4715.689,4716.824,192,280,0
1776945420,4716.892,4718.761,4716.101,4716.562,217,280,0
1776945480,4716.509,4718.685,4716.121,4718.018,207,280,0
1776945540,4717.993,4720.756,4717.676,4720.416,186,280,0
1776945600,4720.479,4726.342,4719.57,4725.538,412,280,0
1776945660,4725.41,4731.794,4725.315,4730.32,497,280,0
1776945720,4730.241,4731.989,4728.437,4730.793,487,280,0
1776945780,4730.708,4732.53,4728.851,4728.851,397,280,0
1776945840,4728.951,4731.337,4728.769,4730.453,315,280,0
1776945900,4730.389,4734.121,4730.061,4733.783,341,280,0
1776945960,4733.974,4738.883,4733.373,4734.909,727,280,0
1776946020,4734.811,4737.664,4733.116,4733.286,465,280,0
1776946080,4733.222,4734.008,4729.86,4730.966,346,280,0
1776946140,4730.906,4732.584,4729.032,4729.815,338,280,0
1776946200,4729.779,4731.139,4727.608,4727.608,358,280,0
1776946260,4727.947,4730.04,4727.836,4728.617,331,280,0
1776946320,4728.68,4735.617,4727.955,4733.435,431,280,0
1776946380,4733.512,4733.574,4730.932,4731.563,332,280,0
1776946440,4731.359,4731.716,4727.804,4728.978,266,280,0
1776946500,4728.919,4729.037,4726.287,4727.307,254,280,0
1776946560,4727.245,4727.436,4725.977,4726.838,185,280,0
1776946620,4726.823,4734.433,4726.823,4733.171,284,280,0
1776946680,4733.229,4734.298,4730.825,4731.657,241,280,0
1776946740,4731.608,4734.257,4731.146,4731.711,260,280,0
1776946800,4731.771,4733.743,4730.714,4731.254,311,280,0
1776946860,4731.314,4732.212,4728.426,4728.529,283,280,0
1776946920,4728.607,4731.366,4728.438,4729.015,236,280,0
1776946980,4729.08,4730.849,4728.432,4730.485,222,280,0
1776947040,4730.363,4733.392,4730.363,4732.597,253,280,0
1776947100,4732.574,4733.458,4731.802,4732.277,211,280,0
1776947160,4732.331,4735.027,4731.686,4733.682,210,280,0
1776947220,4733.689,4733.918,4731.935,4732.048,157,280,0
1776947280,4731.929,4732.504,4730.761,4731.128,124,280,0
1776947340,4731.132,4733.195,4730.9,4732.991,127,280,0
1776947400,4732.824,4737.058,4732.824,4736.982,156,280,0
1776947460,4737.223,4741.42,4736.703,4739.486,210,280,0
1776947520,4739.521,4740.03,4737.017,4738.395,145,280,0
1776947580,4738.674,4740.582,4737.625,4738.168,272,280,0
1776947640,4738.109,4739.364,4737.152,4738.694,254,280,0
1776947700,4738.51,4739.044,4736.782,4739.012,256,280,0
1776947760,4739.253,4739.587,4736.985,4737.068,250,280,0
1776947820,4737.011,4739.699,4736.711,4738.296,299,280,0
1776947880,4738.422,4739.204,4736.48,4736.742,252,280,0
1776947940,4736.809,4737.595,4735.703,4736.444,213,280,0
1776948000,4736.704,4738.05,4736.641,4736.685,209,280,0
1776948060,4736.625,4739.569,4736.239,4739.462,173,280,0
1776948120,4739.536,4741.124,4738.539,4739.877,229,280,0
1776948180,4739.818,4742.481,4739.741,4740.442,208,280,0
1776948240,4740.371,4740.9,4738.915,4739.259,181,280,0
1776948300,4739.364,4742.209,4732.294,4732.294,496,280,0
1776948360,4732.368,4737.362,4731.325,4735.985,1449,280,0
1776948420,4735.926,4736.789,4734.178,4735.593,441,280,0
1776948480,4735.783,4737.564,4733.185,4735.591,406,280,0
1776948540,4735.711,4736.437,4734.786,4735.632,265,280,0
1776948600,4735.727,4737.535,4733.758,4735.252,353,280,0
1776948660,4735.278,4736.164,4734.032,4736.081,230,280,0
1776948720,4736.157,4738.044,4735.955,4736.62,250,280,0
1776948780,4736.543,4738.687,4736.14,4737.065,284,280,0
1776948840,4737.218,4737.583,4736.086,4737.237,280,280,0
1776948900,4737.299,4739.315,4737.297,4737.369,249,280,0
1776948960,4737.513,4739.669,4736.571,4738.844,196,280,0
1776949020,4738.786,4739.254,4737.417,4738.462,208,280,0
1776949080,4738.546,4743.101,4738.488,4741.552,343,280,0
1776949140,4741.61,4741.61,4738.817,4740.076,261,280,0
1776949200,4739.956,4740.76,4734.514,4734.514,570,280,0
1776949260,4734.574,4736.362,4731.307,4731.638,416,280,0
1776949320,4731.583,4732.347,4729.86,4731.346,316,280,0
1776949380,4731.44,4734.322,4731.44,4733.221,308,280,0
1776949440,4733.287,4735.82,4732.741,4733.615,333,280,0
1776949500,4733.332,4734.045,4730.135,4730.843,292,280,0
1776949560,4730.919,4731.161,4728.673,4728.673,226,280,0
1776949620,4728.598,4730.59,4727.609,4727.609,229,280,0
1776949680,4727.299,4729.086,4726.908,4726.908,221,280,0
1776949740,4727.246,4728.718,4727.051,4727.381,181,280,0
1776949800,4727.321,4727.812,4726.647,4726.811,195,280,0
1776949860,4726.807,4728.47,4726.22,4727.662,231,280,0
1776949920,4727.673,4729.122,4726.66,4728.338,226,280,0
1776949980,4728.37,4728.908,4727.131,4728.017,174,280,0
1776950040,4727.899,4729.215,4723.727,4725.697,717,280,0
1776950100,4725.819,4728.913,4725.333,4727.744,361,280,0
1776950160,4727.803,4730.436,4727.755,4729.838,179,280,0
1776950220,4729.787,4729.792,4727.431,4728.067,168,280,0
1776950280,4728.064,4728.907,4726.803,4727.243,145,280,0
1776950340,4727.393,4728.059,4726.162,4726.472,181,280,0
1776950400,4726.472,4729.078,4726.226,4728.749,158,280,0
1776950460,4728.786,4730.154,4727.963,4729.684,171,280,0
1776950520,4729.52,4730.33,4727.237,4727.557,217,280,0
1776950580,4727.87,4730.704,4726.604,4730.471,253,280,0
1776950640,4730.343,4730.686,4728.782,4729.66,151,280,0
1776950700,4729.615,4729.838,4728.553,4729.179,192,280,0
1776950760,4729.264,4729.46,4726.803,4727.711,218,280,0
1776950820,4727.955,4728.078,4725.805,4727.753,222,280,0
1776950880,4727.546,4728.785,4726.689,4727.575,224,280,0
1776950940,4727.466,4728.643,4726.959,4727.469,171,280,0
1776951000,4727.208,4729.512,4724.55,4729.468,596,280,0
1776951060,4729.295,4731.34,4728.632,4728.96,415,280,0
1776951120,4729.084,4732.737,4728.002,4731.638,427,280,0
1776951180,4731.717,4731.805,4728.816,4729.867,367,280,0
1776951240,4729.733,4729.733,4725.016,4725.016,383,280,0
1776951300,4724.871,4728.22,4724.871,4726.764,438,280,0
1776951360,4726.828,4728.566,4725.572,4727.537,363,280,0
1776951420,4727.652,4727.753,4725.995,4726.376,354,280,0
1776951480,4726.503,4730.315,4725.317,4729.932,355,280,0
1776951540,4729.981,4730.96,4727.336,4730.701,318,280,0
1776951600,4730.637,4735.372,4729.653,4733.316,425,280,0
1776951660,4733.255,4734.19,4731.567,4732.777,285,280,0
1776951720,4732.68,4734.197,4730.963,4733.179,223,280,0
1776951780,4733.189,4735.365,4732.847,4733.803,222,280,0
1776951840,4733.556,4735.152,4733.452,4734.383,142,280,0
1776951900,4734.274,4734.274,4730.173,4733.305,223,280,0
1776951960,4733.498,4737.219,4733.452,4735.443,167,280,0
1776952020,4735.353,4735.733,4732.62,4733.742,176,280,0
1776952080,4733.668,4736.437,4733.151,4735.93,257,280,0
1776952140,4735.869,4738.231,4735.869,4737.407,297,280,0
1776952200,4737.32,4737.527,4734.095,4735.24,352,280,0
1776952260,4735.179,4740.546,4734.774,4739.261,281,280,0
1776952320,4739.325,4741.18,4738.337,4738.337,344,280,0
1776952380,4738.392,4738.92,4736.242,4738.368,261,280,0
1776952440,4738.43,4738.884,4734.786,4735.525,301,280,0
1776952500,4735.586,4735.701,4730.275,4730.849,382,280,0
1776952560,4730.909,4732.433,4729.132,4729.876,386,280,0
1776952620,4729.936,4732.157,4728.65,4731.613,326,280,0
1776952680,4731.502,4732.554,4727.649,4728.623,344,280,0
1776952740,4728.715,4729.288,4724.168,4724.454,324,280,0
1776952800,4724.378,4725.57,4718.665,4719.551,762,280,0
1776952860,4719.623,4721.46,4716.964,4720.359,706,280,0
1776952920,4720.262,4721.204,4716.975,4718.603,626,280,0
1776952980,4718.525,4721.812,4717.362,4720.223,416,280,0
1776953040,4720.135,4724.811,4720.135,4723.655,456,280,0
1776953100,4723.604,4728.875,4723.274,4726.802,551,280,0
1776953160,4726.745,4727.245,4719.202,4721.842,493,280,0
1776953220,4721.903,4724.218,4720.305,4722.462,506,280,0
1776953280,4722.665,4723.673,4721.773,4722.569,448,280,0
1776953340,4722.552,4723.236,4719.654,4721.351,485,280,0
1776953400,4721.502,4722.894,4719.197,4721.525,441,280,0
1776953460,4721.619,4722.217,4719.962,4721.41,385,280,0
1776953520,4721.342,4724.12,4721.053,4723.974,336,280,0
1776953580,4723.904,4724.561,4722.573,4723.595,300,280,0
1776953640,4723.458,4724.698,4721.795,4724.068,314,280,0
1776953700,4724.257,4727.918,4723.683,4725.539,367,280,0
1776953760,4725.438,4727.934,4724.964,4726.035,327,280,0
1776953820,4726.286,4727.864,4726.064,4726.701,247,280,0
1776953880,4726.992,4727.562,4725.858,4725.925,301,280,0
1776953940,4725.98,4726.14,4723.633,4724.354,344,280,0
1776954000,4724.305,4727.376,4723.324,4725.807,282,280,0
1776954060,4725.917,4726.916,4724.677,4726.067,340,280,0
1776954120,4725.994,4726.794,4725.438,4725.954,277,280,0
1776954180,4726.147,4729.534,4726.049,4728.455,320,280,0
1776954240,4728.516,4731.189,4728.488,4730.296,260,280,0
1776954300,4730.235,4732.316,4729.603,4732.242,271,280,0
1776954360,4732.3,4734.179,4731.256,4733.329,268,280,0
1776954420,4733.387,4735.932,4733.017,4733.304,262,280,0
1776954480,4733.244,4733.707,4730.611,4732.256,349,280,0
1776954540,4732.313,4732.387,4730.91,4731.196,251,280,0
1776954600,4731.472,4734.468,4730.852,4730.973,332,280,0
1776954660,4731.138,4733.77,4731.026,4731.831,326,280,0
1776954720,4731.946,4732.645,4730.681,4731.773,254,280,0
1776954780,4731.906,4732.229,4729.929,4730.791,256,280,0
1776954840,4730.798,4731.196,4729.034,4729.431,256,280,0
1776954900,4729.141,4731.482,4728.267,4730.255,298,280,0
1776954960,4730.017,4731.838,4729.193,4731.278,230,280,0
1776955020,4731.244,4734.715,4731.195,4732.609,255,280,0
1776955080,4732.593,4733.033,4726.058,4726.514,330,280,0
1776955140,4726.592,4728.574,4725.781,4728.155,292,280,0
1776955200,4728.087,4730.362,4727.206,4729.381,290,280,0
1776955260,4729.3,4731.605,4728.791,4729.382,289,280,0
1776955320,4729.278,4730.068,4727.488,4728.805,314,280,0
1776955380,4728.885,4731.195,4727.958,4730.812,253,280,0
1776955440,4730.707,4731.445,4730.169,4730.768,216,280,0
1776955500,4730.94,4733.404,4730.94,4733.155,291,280,0
1776955560,4733.219,4733.73,4728.935,4728.935,258,280,0
1776955620,4729.053,4729.984,4727.958,4728.959,243,280,0
1776955680,4729.008,4732.308,4728.315,4730.89,258,280,0
1776955740,4730.817,4732.435,4730.289,4730.754,209,280,0
1776955800,4730.848,4731.109,4728.533,4730.951,267,280,0
1776955860,4731.016,4732.595,4729.981,4731.556,225,280,0
1776955920,4731.583,4734.175,4731.145,4733.142,287,280,0
1776955980,4732.993,4736.12,4732.952,4736.063,224,280,0
1776956040,4735.731,4735.731,4733.406,4734.957,255,280,0
1776956100,4735.171,4736.619,4734.087,4734.702,270,280,0
1776956160,4734.807,4735.661,4733.977,4735.346,221,280,0
1776956220,4735.405,4736.684,4734.327,4736.307,272,280,0
1776956280,4736.287,4736.287,4733.349,4734.003,193,280,0
1776956340,4734.079,4734.637,4733.333,4733.629,162,280,0
1776956400,4733.697,4734.842,4732.895,4732.997,264,280,0
1776956460,4732.977,4734.494,4732.755,4733.306,194,280,0
1776956520,4733.258,4734.472,4732.36,4732.58,250,280,0
1776956580,4732.639,4733.695,4731.078,4733.275,263,280,0
1776956640,4733.037,4733.491,4731.604,4733.049,247,280,0
1776956700,4733.068,4733.447,4731.881,4732.259,193,280,0
1776956760,4732.201,4732.201,4729.383,4730.531,303,280,0
1776956820,4730.364,4731.099,4728.344,4729.034,239,280,0
1776956880,4729.005,4729.226,4726.624,4727.243,219,280,0
1776956940,4727.301,4729.11,4727.095,4728.745,208,280,0
1776957000,4728.819,4731.252,4728.819,4730.412,252,280,0
1776957060,4730.475,4731.519,4730.167,4730.57,199,280,0
1776957120,4730.626,4732.7,4730.058,4731.975,210,280,0
1776957180,4731.913,4732.562,4731.28,4732.069,183,280,0
1776957240,4732.134,4732.691,4730.322,4730.691,191,280,0
1776957300,4730.762,4731.634,4729.807,4730.473,210,280,0
1776957360,4730.404,4734.715,4730.065,4734.492,231,280,0
1776957420,4734.502,4738.197,4734.502,4736.917,322,280,0
1776957480,4736.889,4741.004,4736.421,4739.262,312,280,0
1776957540,4739.347,4740.246,4738.308,4738.341,243,280,0
1776957600,4738.312,4739.134,4735.811,4737.018,320,280,0
1776957660,4736.961,4737.825,4736.459,4737.655,243,280,0
1776957720,4737.66,4739.911,4736.823,4737.862,227,280,0
1776957780,4737.544,4738.786,4737.322,4738.134,170,280,0
1776957840,4738.199,4739.428,4737.071,4737.071,172,280,0
1776957900,4736.95,4738.026,4736.007,4736.898,209,280,0
1776957960,4736.84,4737.497,4736.01,4737.14,190,280,0
1776958020,4737.024,4737.742,4736.293,4736.716,152,280,0
1776958080,4736.559,4736.742,4735.419,4735.708,175,280,0
1776958140,4735.784,4736.116,4733.153,4733.627,192,280,0
1776958200,4733.537,4733.585,4729.748,4731.631,307,280,0
1776958260,4731.351,4733.436,4730.657,4733.059,252,280,0
1776958320,4733.205,4734.657,4732.809,4733.323,197,280,0
1776958380,4733.386,4734.624,4732.692,4734.371,185,280,0
1776958440,4734.317,4734.317,4732.302,4732.869,221,280,0
1776958500,4732.826,4732.999,4730.921,4730.989,189,280,0
1776958560,4731.05,4732.989,4731.05,4732.093,217,280,0
1776958620,4732.024,4733.089,4731.284,4732.427,190,280,0
1776958680,4732.385,4733.487,4732.169,4732.699,164,280,0
1776958740,4732.636,4732.636,4730.509,4731.417,193,280,0
1776958800,4731.545,4732.789,4730.873,4732.447,181,280,0
1776958860,4732.441,4733.685,4731.781,4732.87,177,280,0
1776958920,4732.927,4733.239,4732.289,4732.818,151,280,0
1776958980,4732.876,4733.352,4731.232,4731.535,282,280,0
1776959040,4731.605,4732.19,4727.835,4727.835,270,280,0
1776959100,4728.105,4728.544,4722.014,4723.248,579,280,0
1776959160,4723.308,4724.462,4719.873,4721.249,603,280,0
1776959220,4721.306,4724.792,4721.071,4723.255,342,280,0
1776959280,4723.472,4725.112,4721.437,4723.773,347,280,0
1776959340,4723.71,4724.837,4722.749,4724.707,232,280,0
1776959400,4724.732,4725.247,4721.872,4723.04,307,280,0
1776959460,4722.818,4724.008,4722.405,4723.362,274,280,0
1776959520,4723.414,4723.414,4719.7,4720.863,286,280,0
1776959580,4720.788,4721.599,4720.104,4720.377,288,280,0
1776959640,4720.347,4721.113,4716.957,4716.978,331,280,0
1776959700,4717.179,4718.819,4716.381,4718.819,391,280,0
1776959760,4718.884,4722.112,4718.663,4721.091,350,280,0
1776959820,4720.909,4721.1,4718.504,4719.401,260,280,0
1776959880,4719.457,4721.389,4719.457,4720.699,249,280,0
1776959940,4720.789,4721.388,4719.237,4720.358,179,280,0
1776960000,4720.469,4721.738,4718.979,4719.595,259,280,0
1776960060,4719.675,4721.488,4719.488,4720.072,225,280,0
1776960120,4719.795,4720.082,4717.918,4719.673,226,280,0
1776960180,4719.649,4720.986,4718.683,4720.986,244,280,0
1776960240,4720.887,4720.887,4717.198,4717.801,249,280,0
1776960300,4717.648,4718.952,4715.546,4718.723,351,280,0
1776960360,4718.74,4719.955,4718.016,4718.412,300,280,0
1776960420,4718.47,4719.374,4718.112,4719.11,210,280,0
1776960480,4719.02,4720.325,4717.73,4718.821,228,280,0
1776960540,4718.736,4720.386,4718.265,4720.352,228,280,0
1776960600,4720.207,4720.953,4719.735,4720.308,209,280,0
1776960660,4720.221,4721.129,4719.11,4719.876,199,280,0
1776960720,4719.576,4722.432,4719.576,4721.696,173,280,0
1776960780,4721.884,4722.021,4719.712,4720.308,171,280,0
1776960840,4720.351,4720.429,4717.899,4719.36,182,280,0
1776960900,4719.372,4721.218,4718.83,4720.336,197,280,0
1776960960,4720.279,4722.539,4720.279,4721.523,127,280,0
1776961020,4721.463,4721.948,4720.456,4720.855,161,280,0
1776961080,4721.118,4722.444,4720.894,4721.644,121,280,0
1776961140,4721.605,4722.973,4721.421,4722.79,128,280,0
1776961200,4722.534,4723.236,4721.551,4722.222,151,280,0
1776961260,4722.004,4722.084,4720.786,4721.333,172,280,0
1776961320,4721.387,4723.629,4720.822,4722.712,204,280,0
1776961380,4722.58,4723.533,4722.58,4723.088,130,280,0
1776961440,4723.069,4724.629,4722.976,4723.209,137,280,0
1776961500,4723.15,4723.962,4722.669,4723.588,142,280,0
1776961560,4723.531,4723.856,4722.88,4723.31,144,280,0
1776961620,4723.379,4724.96,4723.158,4724.718,169,280,0
1776961680,4724.654,4724.681,4722.666,4723.579,149,280,0
1776961740,4723.573,4723.581,4722.433,4723.03,136,280,0
1776961800,4723.049,4724.156,4722.482,4723.887,134,280,0
1776961860,4723.774,4725.874,4723.774,4725.562,169,280,0
1776961920,4725.657,4726.817,4725.167,4726.007,127,280,0
1776961980,4725.987,4727.07,4725.689,4726.82,134,280,0
1776962040,4726.825,4729.13,4726.789,4728.179,136,280,0
1776962100,4728.108,4730.203,4728.108,4729.026,164,280,0
1776962160,4729.084,4729.796,4727.919,4728.029,157,280,0
1776962220,4728.325,4728.569,4726.834,4727.09,148,280,0
1776962280,4727.044,4728.106,4726.557,4727.247,124,280,0
1776962340,4726.989,4728.269,4726.788,4727.785,116,280,0
1776962400,4727.794,4729.104,4727.686,4728.257,141,280,0
1776962460,4728.285,4728.471,4727.395,4727.461,100,280,0
1776962520,4727.439,4729.245,4727.439,4728.097,147,280,0
1776962580,4727.91,4733.422,4727.888,4733.326,218,280,0
1776962640,4733.321,4734.669,4732.846,4733.78,236,280,0
1776962700,4733.697,4736.173,4733.697,4734.409,257,280,0
1776962760,4734.519,4735.169,4732.887,4733.388,193,280,0
1776962820,4733.254,4734.174,4732.914,4733.5,163,280,0
1776962880,4733.564,4734.975,4733.564,4734.308,142,280,0
1776962940,4734.37,4734.976,4733.975,4734.96,150,280,0
1776963000,4734.915,4735.877,4733.716,4735.353,150,280,0
1776963060,4735.332,4736.929,4735.311,4736.633,164,280,0
1776963120,4736.662,4736.939,4734.538,4735.42,171,280,0
1776963180,4735.383,4736.039,4734.439,4734.726,141,280,0
1776963240,4734.383,4734.824,4733.473,4733.767,129,280,0
1776963300,4733.647,4735.567,4733.399,4734.718,170,280,0
1776963360,4734.782,4734.782,4733.521,4733.979,143,280,0
1776963420,4733.921,4734.285,4733.225,4733.817,146,280,0
1776963480,4733.873,4734.212,4730.668,4731.864,303,280,0
1776963540,4732.141,4733.72,4732.024,4732.719,155,280,0
1776963600,4732.75,4734.326,4732.75,4733.864,150,280,0
1776963660,4733.882,4734.368,4724.252,4725.234,1154,280,0
1776963720,4725.294,4728.356,4722.432,4727.984,1059,280,0
1776963780,4727.759,4730.18,4727.091,4728.343,560,280,0
1776963840,4728.287,4729.279,4722.934,4725.35,525,280,0
1776963900,4725.544,4725.57,4719.211,4723.164,660,280,0
1776963960,4722.988,4724.087,4720.653,4722.515,469,280,0
1776964020,4722.582,4723.563,4718.922,4721.101,436,280,0
1776964080,4721.201,4721.364,4716.646,4717.543,512,280,0
1776964140,4717.486,4717.995,4708.959,4710.471,767,280,0
1776964200,4710.606,4712.31,4705.779,4712.083,1046,280,0
1776964260,4712.194,4713.829,4708.946,4710.902,606,280,0
1776964320,4710.972,4715.209,4710.477,4711.812,614,280,0
1776964380,4711.665,4714.527,4711.56,4713.927,567,280,0
1776964440,4713.985,4716.398,4713.181,4716.008,580,280,0
1776964500,4715.839,4716.674,4713.646,4713.868,481,280,0
1776964560,4713.805,4717.641,4708.884,4712.426,785,280,0
1776964620,4712.466,4712.71,4707.262,4709.902,870,280,0
1776964680,4709.845,4711.465,4707.299,4708.28,652,280,0
1776964740,4708.218,4709.68,4704.473,4708.678,690,280,0
1776964800,4708.952,4710.595,4707.244,4710.314,541,280,0
1776964860,4710.234,4712.6,4708.299,4709.502,628,280,0
1776964920,4709.562,4709.689,4704.59,4708.444,520,280,0
1776964980,4708.495,4710.555,4707.581,4709.984,435,280,0
1776965040,4710.047,4711.788,4706.858,4707.603,576,280,0
1776965100,4707.544,4711.039,4707.237,4710.554,444,280,0
1776965160,4710.484,4717.862,4710.421,4715.422,834,280,0
1776965220,4715.36,4715.765,4713.128,4714.892,463,280,0
1776965280,4714.97,4714.97,4709.605,4711.193,665,280,0
1776965340,4711.135,4711.135,4704.958,4706.416,652,280,0
1776965400,4706.494,4709.788,4703.898,4707.034,688,280,0
1776965460,4707.08,4709.107,4702.073,4708.582,826,280,0
1776965520,4708.683,4711.433,4707.939,4709.931,522,280,0
1776965580,4709.993,4711.046,4708.786,4710.597,410,280,0
1776965640,4710.511,4712.287,4709.867,4711.631,344,280,0
1776965700,4711.784,4714.013,4709.911,4710.451,452,280,0
1776965760,4710.545,4711.556,4699.259,4701.667,998,280,0
1776965820,4701.609,4703.437,4699.143,4703.011,859,280,0
1776965880,4702.953,4703.227,4698.922,4702.067,583,280,0
1776965940,4702.169,4702.535,4698.153,4698.703,487,280,0
1776966000,4698.692,4699.209,4692.227,4695.065,689,280,0
1776966060,4695.125,4695.961,4688.298,4689.081,724,280,0
1776966120,4688.953,4692.698,4680.114,4681.051,1654,280,0
1776966180,4680.984,4682.657,4677.101,4681.515,1038,280,0
1776966240,4681.328,4682.83,4673.191,4677.496,836,280,0
1776966300,4677.554,4677.874,4671.009,4676.467,901,280,0
1776966360,4676.389,4678.383,4664.031,4667.124,1123,280,0
1776966420,4667.04,4682.961,4665.276,4681.837,1716,280,0
1776966480,4681.773,4685.503,4680.785,4681.884,1135,280,0
1776966540,4681.819,4685.444,4680.413,4683.03,768,280,0
1776966600,4683.249,4685.668,4678.634,4684.284,905,280,0
1776966660,4684.358,4686.451,4683.003,4684.37,747,280,0
1776966720,4684.564,4685.794,4681.501,4685.059,644,280,0
1776966780,4684.957,4709.477,4684.472,4699.582,2663,280,0
1776966840,4699.765,4699.916,4693.619,4696.313,1288,280,0
1776966900,4696.274,4702.799,4694.177,4702.411,1122,280,0
1776966960,4702.317,4705.751,4701.284,4703.156,1013,280,0
1776967020,4703.215,4707.374,4703.215,4704.427,943,280,0
1776967080,4704.488,4710.797,4703.944,4709.361,785,280,0
1776967140,4709.384,4710.615,4707.045,4709.108,885,280,0
1776967200,4709.165,4713.626,4709.165,4710.12,863,280,0
1776967260,4710.179,4722.109,4707.675,4715.005,1017,280,0
1776967320,4714.955,4718.06,4711.763,4715.223,978,280,0
1776967380,4715.354,4715.87,4712.534,4714.901,590,280,0
1776967440,4714.949,4716.5,4712.852,4714.218,488,280,0
1776967500,4714.16,4717.672,4711.411,4716.24,586,280,0
1776967560,4716.181,4717.186,4714.531,4714.531,552,280,0
1776967620,4714.441,4715.617,4713.011,4713.798,516,280,0
1776967680,4713.855,4714.631,4710.921,4712.253,435,280,0
1776967740,4712.067,4712.686,4710.21,4710.612,383,280,0
1776967800,4710.655,4718.825,4709.678,4717.686,1209,280,0
1776967860,4717.957,4719.674,4713.619,4713.965,775,280,0
1776967920,4713.888,4714.614,4710.972,4712.769,440,280,0
1776967980,4712.741,4714.427,4712.184,4713.609,383,280,0
1776968040,4713.779,4715.32,4713.248,4713.694,328,280,0
1776968100,4713.918,4714.378,4712.034,4712.815,391,280,0
1776968160,4712.909,4715.073,4712.542,4714.326,289,280,0
1776968220,4714.264,4716.628,4712.378,4712.763,353,280,0
1776968280,4712.691,4716.364,4711.304,4713.78,598,280,0
1776968340,4713.562,4714.511,4713.042,4713.819,317,280,0
1776968400,4713.737,4715.059,4712.233,4712.707,358,280,0
1776968460,4712.756,4716.511,4710.646,4712.411,964,280,0
1776968520,4712.492,4713.443,4711.48,4712.185,329,280,0
1776968580,4712.112,4714.41,4711.098,4713.785,275,280,0
1776968640,4713.843,4714.68,4711.834,4713.001,238,280,0
1776968700,4713.068,4715.2,4712.652,4714.863,213,280,0
1776968760,4714.8,4714.919,4712.477,4713.346,243,280,0
1776968820,4713.41,4714.527,4712.71,4712.975,234,280,0
1776968880,4712.916,4713.826,4711.637,4713.636,206,280,0
1776968940,4713.469,4716.66,4712.977,4716.642,261,280,0
1776969000,4716.617,4718.962,4716.259,4716.916,400,280,0
1776969060,4716.975,4719.328,4716.71,4717.474,294,280,0
1776969120,4717.414,4718.264,4715.871,4716.781,269,280,0
1776969180,4716.836,4719.315,4716.718,4718.859,254,280,0
1776969240,4718.798,4720.095,4717.918,4718.456,235,280,0
1776969300,4718.401,4719.283,4717.654,4718.367,319,280,0
1776969360,4718.303,4720.377,4718.144,4718.68,310,280,0
1776969420,4718.772,4720.208,4718.371,4719.381,213,280,0
1776969480,4719.431,4719.431,4715.113,4715.252,230,280,0
1776969540,4715.326,4715.574,4713.702,4714.137,241,280,0
1776969600,4714.194,4714.993,4712.981,4713.284,221,280,0
1776969660,4713.188,4714.056,4712.084,4712.084,226,280,0
1776969720,4711.985,4712.517,4708.535,4708.782,258,280,0
1776969780,4708.838,4711.09,4707.123,4710.152,381,280,0
1776969840,4709.999,4711.761,4709.999,4711.23,253,280,0
1776969900,4711.273,4711.829,4709.528,4710.241,222,280,0
1776969960,4709.994,4709.994,4707.94,4708.633,221,280,0
1776970020,4708.691,4709.776,4707.654,4708.243,222,280,0
1776970080,4708.057,4708.726,4706.464,4707.747,206,280,0
1776970140,4707.807,4708.784,4705.827,4706.52,219,280,0
1776970200,4706.591,4707.896,4705.457,4707.868,220,280,0
1776970260,4707.825,4708.854,4706.896,4708.854,234,280,0
1776970320,4708.907,4711.756,4708.812,4710.955,260,280,0
1776970380,4711.012,4711.443,4709.537,4709.917,248,280,0
1776970440,4709.987,4710.865,4708.247,4709.785,243,280,0
1776970500,4709.71,4709.776,4706.314,4706.633,266,280,0
1776970560,4706.575,4706.575,4705.201,4705.83,235,280,0
1776970620,4705.768,4705.922,4704.233,4704.827,153,280,0
1776970680,4704.867,4705.299,4703.274,4703.749,150,280,0
1776970740,4703.786,4703.984,4699.297,4701.174,764,280,0
1776970800,4701.132,4704.461,4700.443,4701.055,611,280,0
1776970860,4701.241,4702.964,4697.653,4699.45,442,280,0
1776970920,4699.594,4699.594,4696.184,4697.457,338,280,0
1776970980,4697.515,4697.975,4695.344,4695.344,312,280,0
1776971040,4695.285,4695.758,4693.604,4695.707,319,280,0
1776971100,4695.646,4698.549,4695.646,4697.748,377,280,0
1776971160,4697.969,4699.604,4697.115,4698.402,338,280,0
1776971220,4698.463,4699.261,4697.314,4698.565,251,280,0
1776971280,4698.627,4698.627,4697.161,4697.379,234,280,0
1776971340,4697.311,4699.043,4695.716,4695.716,266,280,0
1776971400,4695.827,4696.592,4692.571,4693.26,271,280,0
1776971460,4693.249,4696.833,4692.951,4696.524,243,280,0
1776971520,4696.467,4697.21,4695.078,4696.648,232,280,0
1776971580,4696.592,4697.233,4695.788,4696.583,187,280,0
1776971640,4696.608,4697.487,4695.383,4696.364,219,280,0
1776971700,4696.305,4698.031,4695.479,4696.213,270,280,0
1776971760,4696.315,4698.875,4695.985,4697.892,292,280,0
1776971820,4697.961,4698.195,4696.751,4696.913,192,280,0
1776971880,4697.132,4698.591,4696.367,4698.124,154,280,0
1776971940,4698.092,4699.249,4697.595,4698.855,182,280,0
1776972000,4698.902,4699.42,4697.814,4699.192,210,280,0
1776972060,4699.381,4699.448,4696.895,4697.578,219,280,0
1776972120,4697.488,4699.25,4696.996,4698.586,185,280,0
1776972180,4698.644,4702.041,4698.416,4700.761,231,280,0
1776972240,4700.999,4701.934,4700.484,4701.255,138,280,0
1776972300,4701.312,4702.475,4700.429,4701.169,172,280,0
1776972360,4701.088,4701.95,4700.773,4701.406,157,280,0
1776972420,4701.441,4701.441,4697.731,4698.073,191,280,0
1776972480,4698.131,4701.2,4697.877,4699.887,192,280,0
1776972540,4699.903,4700.334,4699.107,4700.192,143,280,0
1776972600,4700.122,4700.684,4698.551,4699.566,199,280,0
1776972660,4699.689,4700.57,4699.029,4699.677,191,280,0
1776972720,4699.745,4701.227,4698.365,4698.594,211,280,0
1776972780,4698.468,4698.47,4695.355,4695.685,232,280,0
1776972840,4695.489,4695.92,4693.286,4694.325,260,280,0
1776972900,4694.267,4694.267,4689.182,4692.04,530,280,0
1776972960,4692.331,4693.276,4691.463,4692.856,321,280,0
1776973020,4692.714,4693.38,4692.236,4692.937,204,280,0
1776973080,4692.908,4695.505,4690.698,4695.505,355,280,0
1776973140,4695.298,4695.817,4692.149,4692.751,265,280,0
1776973200,4692.645,4694.633,4692.645,4694.038,269,280,0
1776973260,4694.153,4695.662,4694.015,4694.531,262,280,0
1776973320,4694.472,4694.472,4692.811,4693.266,221,280,0
1776973380,4693.489,4694.022,4691.45,4692.086,254,280,0
1776973440,4692.027,4693.242,4691.234,4692.406,243,280,0
1776973500,4692.463,4694.949,4691.954,4694.858,254,280,0
1776973560,4694.801,4695.64,4693.697,4695.162,201,280,0
1776973620,4695.234,4696.553,4694.088,4696.021,179,280,0
1776973680,4696.118,4696.857,4695.676,4696.493,140,280,0
1776973740,4696.717,4697.423,4696.17,4696.539,179,280,0
1776973800,4696.6,4697.761,4693.661,4696.269,631,280,0
1776973860,4696.327,4697.967,4695.501,4697.249,258,280,0
1776973920,4697.431,4698.797,4696.696,4698.291,219,280,0
1776973980,4698.353,4699.846,4698.353,4699.346,221,280,0
1776974040,4699.289,4699.661,4697.854,4698.907,291,280,0
1776974100,4698.971,4699.298,4697.604,4697.945,279,280,0
1776974160,4697.992,4699.514,4697.463,4698.951,191,280,0
1776974220,4698.996,4699.954,4697.958,4699.329,246,280,0
1776974280,4699.44,4699.44,4695.566,4696.296,277,280,0
1776974340,4696.233,4698.069,4695.192,4696.031,384,280,0
1776974400,4695.865,4696.204,4693.817,4694.352,293,280,0
1776974460,4694.295,4696.123,4694.226,4694.722,325,280,0
1776974520,4694.7,4695.347,4693.858,4695.087,183,280,0
1776974580,4695.306,4696.603,4694.84,4696.564,174,280,0
1776974640,4696.237,4697.427,4695.776,4697.235,141,280,0
1776974700,4697.067,4698.167,4696.716,4697.924,157,280,0
1776974760,4697.859,4697.932,4696.971,4697.254,120,280,0
1776974820,4697.177,4697.177,4695.437,4695.829,159,280,0
1776974880,4696.11,4696.439,4694.862,4695.627,169,280,0
1776974940,4695.502,4696.837,4695.016,4696.592,117,280,0
1776975000,4696.417,4697.04,4695.693,4696.714,108,280,0
1776975060,4696.716,4697.019,4695.448,4695.539,100,280,0
1776975120,4695.531,4695.861,4694.66,4694.724,120,280,0
1776975180,4694.919,4694.919,4691.022,4691.431,150,280,0
1776975240,4691.399,4691.786,4690.321,4690.682,141,280,0
1776975300,4690.571,4690.597,4687.963,4687.963,165,280,0
1776975360,4688.202,4688.681,4687.098,4687.098,186,280,0
1776975420,4687.276,4687.721,4686.376,4687.014,148,280,0
1776975480,4686.958,4691.128,4686.607,4690.874,161,280,0
1776975540,4690.945,4692.194,4690.26,4691.202,126,280,0
1776975600,4691.316,4692.434,4690.778,4692.03,154,280,0
1776975660,4692.321,4692.568,4690.096,4690.096,114,280,0
1776975720,4690.321,4691.125,4689.865,4690.82,92,280,0
1776975780,4690.791,4691.273,4689.98,4691.273,109,280,0
1776975840,4691.431,4692.371,4691.261,4692.182,93,280,0
1776975900,4692.449,4692.449,4690.601,4690.601,114,280,0
1776975960,4690.66,4691.293,4690.046,4690.777,107,280,0
1776976020,4690.778,4690.954,4690.328,4690.855,78,280,0
1776976080,4690.83,4691.014,4689.791,4690.087,87,280,0
1776976140,4690.137,4690.137,4688.873,4689.338,103,280,0
1776976200,4689.317,4690.877,4689.283,4690.532,111,280,0
1776976260,4690.673,4691.011,4689.813,4690.088,83,280,0
1776976320,4690.093,4690.769,4690.027,4690.558,75,280,0
1776976380,4690.657,4691.074,4690.241,4690.385,77,280,0
1776976440,4690.522,4690.672,4689.514,4690.104,90,280,0
1776976500,4690.026,4690.026,4689.139,4689.449,87,280,0
1776976560,4689.48,4689.954,4688.826,4689.115,84,280,0
1776976620,4689.143,4689.474,4688.325,4688.541,74,280,0
1776976680,4688.618,4689.335,4688.127,4689.258,80,280,0
1776976740,4689.266,4690.436,4689.266,4690.291,66,280,0
1776976800,4690.291,4690.304,4689.188,4689.188,61,280,0
1776976860,4689.281,4691.267,4689.054,4690.43,89,280,0
1776976920,4690.436,4690.607,4690.063,4690.334,56,280,0
1776976980,4690.396,4690.652,4690.124,4690.502,60,280,0
1776977040,4690.575,4691.5,4690.325,4691.25,87,280,0
1776977100,4691.303,4692.072,4691.04,4691.756,80,280,0
1776977160,4691.654,4691.679,4690.714,4691.479,95,280,0
1776977220,4691.471,4691.932,4691.083,4691.691,80,280,0
1776977280,4691.51,4691.672,4690.41,4691.051,69,280,0
1776977340,4691.063,4691.793,4690.718,4690.757,97,280,0
1776977400,4690.804,4691.041,4689.833,4690.049,68,280,0
1776977460,4689.96,4690.609,4688.566,4688.692,103,280,0
1776977520,4688.713,4689.757,4688.473,4689.2,117,280,0
1776977580,4689.202,4690.334,4688.943,4690.328,109,280,0
1776977640,4690.049,4690.651,4689.606,4690.428,101,280,0
1776977700,4690.498,4692.498,4690.475,4692.438,150,280,0
1776977760,4692.442,4692.907,4691.963,4692.745,93,280,0
1776977820,4692.786,4693.269,4692.471,4692.946,91,280,0
1776981660,4699.668,4699.89,4694.648,4696.768,174,360,0
1776981720,4696.683,4699.205,4696.271,4697.893,198,360,0
1776981780,4697.605,4699.301,4697.157,4697.345,96,360,0
1776981840,4697.374,4697.932,4694.992,4695.127,90,360,0
1776981900,4695.249,4697.283,4694.906,4696.152,115,360,0
1776981960,4696.317,4698.868,4695.708,4698.868,102,360,0
1776982020,4699.109,4699.109,4696.981,4697.748,73,360,0
1776982080,4697.759,4698.881,4696.914,4697.146,65,360,0
1776982140,4697.155,4697.496,4696.453,4697.111,57,360,0
1776982200,4697.207,4697.442,4696.077,4697.358,88,360,0
1776982260,4697.077,4697.5,4696.003,4696.163,97,360,0
1776982320,4696.152,4697.029,4695.684,4696.01,61,360,0
1776982380,4696.022,4699.068,4695.112,4697.997,105,360,0
1776982440,4697.938,4698.178,4696.875,4697.281,64,360,0
1776982500,4697.212,4697.212,4696.474,4696.577,42,360,0
1776982560,4696.246,4697.128,4696.072,4696.399,63,360,0
1776982620,4696.417,4696.682,4695.854,4696.343,61,360,0
1776982680,4696.339,4697.085,4696.127,4696.314,55,360,0
1776982740,4696.25,4696.274,4693.107,4693.778,94,360,0
1776982800,4693.84,4694.921,4693.071,4693.365,91,360,0
1776982860,4693.361,4693.373,4692.062,4692.741,95,360,0
1776982920,4692.674,4693.519,4692.187,4693.007,76,360,0
1776982980,4693.007,4695.904,4692.202,4694.968,100,360,0
1776983040,4694.896,4695.221,4693.988,4693.988,53,360,0
1776983100,4694.222,4694.666,4692.887,4693.72,104,360,0
1776983160,4693.796,4695.027,4693.795,4694.307,69,360,0
1776983220,4694.607,4694.607,4693.312,4693.312,75,360,0
1776983280,4693.312,4693.728,4692.837,4692.898,50,360,0
1776983340,4693.167,4693.214,4692.772,4692.772,38,360,0
1776983400,4692.85,4694.645,4692.612,4694.467,96,360,0
1776983460,4694.467,4694.775,4694.019,4694.427,62,280,0
1776983520,4694.523,4695.241,4694.164,4694.564,74,280,0
1776983580,4694.522,4694.522,4692.952,4692.952,63,280,0
1776983640,4693.085,4693.993,4692.878,4693.499,60,280,0
1776983700,4693.389,4695.463,4693.389,4695.175,76,280,0
1776983760,4695.191,4696.62,4694.632,4696.246,93,308,0
1776983820,4696.499,4696.499,4694.779,4695.11,96,308,0
1776983880,4695.029,4695.773,4694.659,4695.433,69,280,0
1776983940,4695.41,4695.41,4691.741,4691.978,104,280,0
1776984000,4691.985,4692.483,4690.678,4691.53,93,280,0
1776984060,4691.533,4693.357,4691.196,4693.241,101,280,0
1776984120,4693.136,4693.136,4691.751,4691.953,71,280,0
1776984180,4691.949,4693.568,4691.935,4692.692,90,308,0
1776984240,4692.872,4693.665,4692.545,4693.54,69,280,0
1776984300,4693.487,4694.443,4693.29,4693.721,83,280,0
1776984360,4693.446,4694.187,4693.446,4693.956,71,280,0
1776984420,4693.888,4694.491,4693.888,4694.424,54,280,0
1776984480,4694.133,4694.471,4693.571,4693.782,68,280,0
1776984540,4693.562,4693.844,4692.16,4692.318,81,280,0
1776984600,4692.357,4693.057,4692.182,4692.775,50,280,0
1776984660,4693.052,4693.058,4692.49,4692.829,49,280,0
1776984720,4692.829,4692.829,4690.392,4690.614,75,280,0
1776984780,4690.662,4691.125,4690.071,4690.073,60,280,0
1776984840,4690.073,4691.448,4690.045,4690.898,74,280,0
1776984900,4690.69,4692.066,4690.69,4691.542,70,280,0
1776984960,4691.292,4691.596,4690.341,4690.513,69,280,0
1776985020,4690.454,4691.304,4690.222,4690.795,67,280,0
1776985080,4690.587,4692.163,4690.489,4691.844,71,360,0
1776985140,4692.131,4693.09,4691.881,4693.076,83,280,0
1776985200,4693.089,4695.364,4693.024,4695.245,103,280,0
1776985260,4695.164,4695.399,4693.572,4693.572,95,280,0
1776985320,4693.881,4694.032,4691.688,4693.325,97,280,0
1776985380,4693.635,4694.831,4693.635,4694.535,91,280,0
1776985440,4694.554,4694.658,4693.169,4693.947,79,280,0
1776985500,4693.912,4694.491,4693.478,4693.549,65,280,0
1776985560,4693.549,4693.549,4692.322,4692.322,66,280,0
1776985620,4692.003,4692.289,4691.302,4691.588,63,280,0
1776985680,4691.585,4691.687,4690.823,4691.604,68,280,0
1776985740,4691.616,4692.132,4690.129,4690.38,92,280,0
1776985800,4690.304,4690.631,4690.004,4690.483,71,280,0
1776985860,4690.378,4690.802,4690.115,4690.59,49,280,0
1776985920,4690.755,4691.777,4690.625,4691.398,71,280,0
1776985980,4691.395,4692.463,4691.246,4692.151,76,280,0
1776986040,4692.154,4692.154,4689.451,4689.451,89,280,0
1776986100,4689.744,4690.013,4689.096,4689.959,98,280,0
1776986160,4690.036,4690.129,4688.536,4689.616,123,280,0
1776986220,4689.691,4689.691,4686.564,4687.827,156,280,0
1776986280,4687.919,4688.666,4687.276,4688.54,104,280,0
1776986340,4688.602,4688.856,4687.776,4688.507,83,280,0
1776986400,4688.437,4689.315,4688.309,4688.993,70,280,0
1776986460,4688.949,4690.754,4688.779,4690.754,69,280,0
1776986520,4690.526,4691.688,4690.391,4690.708,77,280,0
1776986580,4690.69,4690.928,4689.766,4690.618,95,280,0
1776986640,4690.823,4690.874,4688.601,4689.036,89,280,0
1776986700,4689.031,4691.119,4688.875,4690.583,84,280,0
1776986760,4690.651,4693.39,4690.651,4692.888,100,280,0
1776986820,4692.829,4694.036,4692.696,4693.906,89,280,0
1776986880,4693.871,4693.879,4693.235,4693.509,66,280,0
1776986940,4693.429,4694.39,4693.39,4694.263,66,280,0
1776987000,4694.534,4695.868,4694.098,4695.062,113,280,0
1776987060,4695.085,4695.943,4693.541,4693.902,111,280,0
1776987120,4693.8,4694.443,4693.545,4694.224,97,280,0
1776987180,4694.31,4695.219,4694.172,4694.667,93,280,0
1776987240,4694.391,4699.199,4694.365,4698.919,162,280,0
1776987300,4698.863,4699.985,4698.382,4698.388,132,280,0
1776987360,4698.348,4700.542,4697.951,4699.731,142,280,0
1776987420,4699.789,4699.789,4698.794,4698.881,77,280,0
1776987480,4698.641,4699.213,4698.385,4699.005,75,280,0
1776987540,4699.073,4699.241,4696.705,4696.907,105,280,0
1776987600,4696.908,4698.38,4696.908,4697.951,98,280,0
1776987660,4698.017,4698.459,4697.888,4697.991,66,280,0
1776987720,4697.966,4698.28,4696.797,4697.34,69,280,0
1776987780,4697.337,4697.544,4696.761,4697.067,64,280,0
1776987840,4697.056,4697.538,4696.752,4697.538,64,280,0
1776987900,4697.448,4697.605,4696.178,4696.724,93,280,0
1776987960,4696.496,4699.268,4696.496,4698.593,128,280,0
1776988020,4698.597,4699.433,4696.766,4698.872,177,280,0
1776988080,4698.931,4699.06,4697.631,4697.87,105,280,0
1776988140,4697.765,4697.765,4696.546,4696.707,74,280,0
1776988200,4696.881,4697.107,4696.427,4696.672,89,280,0
1776988260,4696.61,4696.61,4695.293,4695.897,103,280,0
1776988320,4695.939,4696.875,4695.482,4696.084,116,280,0
1776988380,4696.194,4696.377,4695.651,4696.322,69,280,0
1776988440,4696.322,4697.549,4696.322,4697.511,106,280,0
1776988500,4697.58,4697.731,4696.744,4697.059,64,280,0
1776988560,4697.131,4697.131,4694.119,4694.387,122,280,0
1776988620,4694.18,4694.395,4692.904,4693.27,83,280,0
1776988680,4693.252,4693.392,4692.147,4693.044,91,280,0
1776988740,4693.012,4695.224,4692.813,4695.224,110,280,0
1776988800,4695.297,4699.257,4695.297,4698.74,305,280,0
1776988860,4698.804,4700.196,4697.453,4697.558,276,280,0
1776988920,4697.466,4697.954,4694.846,4695.892,216,280,0
1776988980,4695.961,4696.595,4691.288,4691.504,253,280,0
1776989040,4691.447,4692.43,4690.817,4691.851,273,280,0
1776989100,4691.911,4695.356,4691.81,4694.407,255,280,0
1776989160,4694.339,4696.371,4692.735,4696.183,285,280,0
1776989220,4696.075,4697.829,4695.908,4696.575,235,280,0
1776989280,4696.634,4697.157,4695.433,4696.236,195,280,0
1776989340,4696.166,4697.162,4694.455,4696.334,221,280,0
1776989400,4696.471,4696.635,4693.818,4695.62,307,280,0
1776989460,4695.679,4697.542,4695.138,4695.138,174,280,0
1776989520,4695.319,4696.532,4693.732,4696.532,240,280,0
1776989580,4696.492,4697.355,4695.516,4696.939,210,280,0
1776989640,4697.016,4698.567,4695.646,4697.898,227,280,0
1776989700,4698.08,4700.373,4697.915,4698.142,257,280,0
1776989760,4698.141,4699.376,4697.056,4698.212,253,280,0
1776989820,4698.205,4698.328,4697.217,4698.077,159,280,0
1776989880,4698.161,4699.154,4697.713,4698.817,139,280,0
1776989940,4698.665,4700.001,4696.887,4697.054,215,280,0
1776990000,4696.889,4700.215,4696.539,4697.746,281,280,0
1776990060,4697.767,4698.807,4696.447,4698.639,261,280,0
1776990120,4698.642,4699.626,4698.397,4698.913,181,280,0
1776990180,4698.981,4700.478,4698.373,4700.17,151,280,0
1776990240,4700.229,4700.99,4699.719,4700.623,174,280,0
1776990300,4700.496,4701.469,4699.269,4699.896,160,280,0
1776990360,4700.1,4701.613,4699.723,4700.931,105,280,0
1776990420,4700.924,4704.707,4700.924,4704.514,172,280,0
1776990480,4704.394,4705.183,4703.731,4704.549,165,280,0
1776990540,4704.543,4705.669,4703.804,4705.312,145,280,0
1776990600,4705.569,4707.807,4705.242,4705.74,215,280,0
1776990660,4705.936,4706.465,4703.912,4703.912,178,280,0
1776990720,4703.855,4705.256,4702.702,4704.931,200,280,0
1776990780,4704.86,4705.558,4703.007,4703.813,172,280,0
1776990840,4703.891,4704.269,4702.748,4704.269,157,280,0
1776990900,4704.335,4705.852,4703.581,4705.279,146,280,0
1776990960,4705.333,4707.223,4704.651,4705.767,198,280,0
1776991020,4705.832,4707.294,4705.564,4707.277,182,280,0
1776991080,4707.39,4707.468,4706.289,4706.581,130,280,0
1776991140,4706.558,4706.558,4703.529,4704.134,227,280,0
1776991200,4704.186,4704.324,4702.408,4702.699,151,280,0
1776991260,4702.511,4704.384,4702.466,4703.427,236,280,0
1776991320,4703.302,4703.362,4701.624,4702.437,240,280,0
1776991380,4702.343,4703.215,4702.069,4703.097,138,280,0
1776991440,4703.072,4703.146,4701.117,4701.419,189,280,0
1776991500,4701.594,4702.909,4701.244,4702.538,227,280,0
1776991560,4702.481,4703.11,4699.992,4700.242,218,280,0
1776991620,4700.177,4700.177,4697.835,4698.3,225,280,0
1776991680,4698.39,4699.225,4697.362,4698.941,209,280,0
1776991740,4699.151,4699.737,4697.514,4699.287,190,280,0
1776991800,4699.211,4699.745,4697.831,4698.509,132,280,0
1776991860,4698.312,4701.279,4698.285,4699.361,217,280,0
1776991920,4699.431,4699.954,4698.918,4699.483,188,280,0
1776991980,4699.783,4701.038,4697.779,4701.038,231,280,0
1776992040,4700.847,4703.039,4700.847,4702.985,188,280,0
1776992100,4703.079,4703.994,4700.575,4700.847,252,280,0
1776992160,4700.886,4702.411,4700.53,4701.846,150,280,0
1776992220,4701.889,4703.879,4701.379,4703.766,232,280,0
1776992280,4703.93,4704.438,4703.347,4704.282,149,280,0
1776992340,4704.339,4705.883,4704.005,4704.457,178,280,0
1776992400,4704.396,4708.116,4703.325,4704.239,561,280,0
1776992460,4704.155,4704.684,4699.863,4700.712,433,280,0
1776992520,4700.722,4701.577,4697.886,4699.516,416,280,0
1776992580,4699.311,4701.946,4697.934,4701.193,298,280,0
1776992640,4701.319,4701.715,4697.522,4698.73,292,280,0
1776992700,4698.697,4699.622,4695.585,4699.622,388,280,0
1776992760,4699.685,4702.475,4699.27,4699.881,351,280,0
1776992820,4699.864,4703.106,4699.775,4701.824,303,280,0
1776992880,4701.755,4702.202,4700.112,4702.16,256,280,0
1776992940,4702.066,4704.294,4701.546,4703.76,278,280,0
1776993000,4703.7,4706.097,4702.997,4706.072,236,280,0
1776993060,4706.204,4708.824,4705.421,4708.164,315,280,0
1776993120,4708.116,4709.075,4707.241,4708.057,219,280,0
1776993180,4708.155,4709.852,4707.79,4709.211,247,280,0
1776993240,4709.269,4709.608,4707.744,4709.33,166,280,0
1776993300,4709.318,4711.137,4708.908,4710.121,241,280,0
1776993360,4710.121,4710.121,4706.597,4709.586,286,280,0
1776993420,4709.656,4709.805,4705.652,4706.98,286,280,0
1776993480,4706.935,4707.843,4706.051,4706.156,162,280,0
1776993540,4706.159,4707.234,4704.911,4705.41,257,280,0
1776993600,4705.442,4705.57,4701.763,4703.088,245,280,0
1776993660,4703.024,4704.454,4702.423,4704.164,188,280,0
1776993720,4704.221,4704.951,4702.292,4702.818,208,280,0
1776993780,4702.756,4702.896,4701.74,4702.395,227,280,0
1776993840,4702.46,4704.194,4702.095,4703.902,144,280,0
1776993900,4703.875,4704.116,4700.003,4701.635,258,280,0
1776993960,4701.692,4702.697,4700.977,4702.399,146,280,0
1776994020,4702.394,4702.837,4700.57,4701.635,167,280,0
1776994080,4701.599,4701.615,4700.192,4700.671,164,280,0
1776994140,4700.732,4701.42,4698.096,4698.416,194,280,0
1776994200,4698.363,4702.251,4698.214,4700.475,232,280,0
1776994260,4700.46,4700.46,4695.875,4696.352,233,280,0
1776994320,4696.213,4696.213,4690.55,4694.848,535,280,0
1776994380,4694.785,4696.142,4693.541,4695.387,339,280,0
1776994440,4695.553,4695.928,4693.109,4693.757,291,280,0
1776994500,4693.819,4696.282,4692.699,4695.738,365,280,0
1776994560,4695.991,4696.547,4692.692,4694.328,314,280,0
1776994620,4694.268,4695.177,4693.044,4694.58,269,280,0
1776994680,4694.852,4696.796,4694.852,4696.138,224,280,0
1776994740,4696.314,4697.554,4695.306,4695.893,200,280,0
1776994800,4696.096,4697.568,4693.705,4697.078,252,280,0
1776994860,4696.895,4697.293,4694.796,4695.554,220,280,0
1776994920,4695.614,4697.146,4694.719,4695.349,186,280,0
1776994980,4695.212,4695.551,4691.816,4691.927,280,280,0
1776995040,4691.824,4692.13,4690.245,4690.968,302,280,0
1776995100,4690.889,4692.671,4690.114,4692.417,226,280,0
1776995160,4692.481,4692.968,4691.514,4692.707,222,280,0
1776995220,4692.764,4693.025,4690.884,4692.661,198,280,0
1776995280,4692.766,4694.936,4692.766,4694.465,225,280,0
1776995340,4694.551,4696.922,4694.179,4696.864,180,280,0
1776995400,4696.791,4696.83,4695.476,4695.964,156,280,0
1776995460,4695.932,4696.299,4694.188,4694.668,154,280,0
1776995520,4694.677,4695.271,4694.361,4694.789,147,280,0
1776995580,4694.739,4696.225,4693.28,4696.089,159,280,0
1776995640,4695.911,4696.307,4694.839,4695.579,141,280,0
1776995700,4695.289,4696.021,4694.213,4694.464,156,280,0
1776995760,4694.468,4695.936,4693.737,4695.793,153,280,0
1776995820,4695.848,4696.967,4695.44,4696.434,149,280,0
1776995880,4696.492,4698.701,4696.388,4698.59,156,280,0
1776995940,4698.625,4700.607,4698.54,4699.322,161,280,0
1776996000,4699.247,4700.561,4697.516,4698.616,222,280,0
1776996060,4698.67,4698.67,4696.936,4697.6,160,280,0
1776996120,4697.749,4698.876,4695.302,4696.107,279,280,0
1776996180,4696.044,4698.053,4694.965,4697.716,229,280,0
1776996240,4697.905,4698.779,4696.116,4697.116,194,280,0
1776996300,4697.08,4698.869,4696.862,4697.306,208,280,0
1776996360,4697.262,4698.971,4697.023,4698.212,221,280,0
1776996420,4698.154,4698.696,4697.595,4697.806,144,280,0
1776996480,4698.104,4698.275,4696.292,4696.868,188,280,0
1776996540,4696.798,4696.869,4694.941,4694.941,170,280,0
1776996600,4694.844,4694.844,4692.147,4692.933,269,280,0
1776996660,4692.955,4693.047,4691.064,4692.272,243,280,0
1776996720,4692.208,4692.208,4690.064,4690.773,204,280,0
1776996780,4690.769,4692.324,4690.446,4691.891,222,280,0
1776996840,4691.961,4693.756,4691.815,4692.924,186,280,0
1776996900,4693.034,4694.212,4692.599,4693.184,181,280,0
1776996960,4693.225,4694.276,4693.143,4693.873,164,280,0
1776997020,4693.999,4695.896,4693.926,4695.533,122,280,0
1776997080,4695.619,4695.856,4690.789,4691.836,196,280,0
1776997140,4691.8,4691.889,4689.701,4691.889,202,280,0
1776997200,4691.881,4692.398,4690.608,4690.849,152,280,0
1776997260,4690.866,4691.776,4689.688,4690.305,196,280,0
1776997320,4690.366,4690.919,4687.259,4689.531,291,280,0
1776997380,4689.657,4690.244,4688.155,4689.524,159,280,0
1776997440,4689.393,4689.393,4684.887,4684.926,266,280,0
1776997500,4685.099,4686.714,4683.853,4686.15,245,280,0
1776997560,4686.235,4686.857,4683.011,4683.893,266,280,0
1776997620,4683.893,4684.749,4683.317,4684.105,206,280,0
1776997680,4684.087,4684.436,4681.797,4683.858,183,280,0
1776997740,4683.815,4684.663,4682.571,4683.723,206,280,0
1776997800,4683.781,4687.18,4683.623,4686.979,348,280,0
1776997860,4686.923,4689.409,4686.709,4689.204,201,280,0
1776997920,4689.212,4689.471,4687.174,4687.419,193,280,0
1776997980,4687.631,4689.211,4686.901,4688.987,201,280,0
1776998040,4689.081,4690.816,4688.614,4689.105,171,280,0
1776998100,4688.827,4689.238,4687.888,4688.277,170,280,0
1776998160,4688.334,4688.704,4684.357,4685.451,238,280,0
1776998220,4685.507,4685.564,4683.553,4684.63,209,280,0
1776998280,4684.734,4685.609,4684.133,4684.851,204,280,0
1776998340,4684.916,4685.742,4682.917,4683.48,217,280,0
1776998400,4683.325,4683.673,4682.099,4682.803,171,280,0
1776998460,4682.866,4683.611,4680.261,4680.425,206,280,0
1776998520,4680.5,4683.63,4679.996,4682.789,222,280,0
1776998580,4682.723,4683.377,4681.314,4682.647,200,280,0
1776998640,4682.586,4683.439,4682.008,4683.345,162,280,0
1776998700,4683.146,4683.991,4681.586,4681.817,171,280,0
1776998760,4681.805,4683.971,4680.683,4681.05,270,280,0
1776998820,4681.065,4681.608,4680.047,4681.459,188,280,0
1776998880,4681.615,4681.615,4677.513,4678.312,278,280,0
1776998940,4678.394,4678.528,4675.136,4676.059,276,280,0
1776999000,4676.032,4676.591,4675.184,4676.264,192,280,0
1776999060,4676.325,4677.484,4675.488,4675.596,198,280,0
1776999120,4675.325,4677.374,4675.325,4676.273,198,280,0
1776999180,4676.211,4676.248,4675.173,4676.035,145,280,0
1776999240,4676.016,4678.455,4675.569,4678.143,227,280,0
1776999300,4678.358,4679.063,4673.77,4674.273,279,280,0
1776999360,4674.094,4676.656,4674.094,4675.79,226,280,0
1776999420,4675.701,4675.701,4672.888,4674.676,258,280,0
1776999480,4674.409,4676.792,4674.34,4676.493,198,280,0
1776999540,4676.566,4677.582,4676.155,4676.768,174,280,0
1776999600,4676.676,4677.965,4675.726,4676.177,223,280,0
1776999660,4675.969,4678.3,4675.502,4676.746,191,280,0
1776999720,4676.983,4677.662,4674.136,4675.092,224,280,0
1776999780,4675.157,4675.245,4672.005,4672.085,253,280,0
1776999840,4671.89,4673.21,4671.419,4672.666,249,280,0
1776999900,4672.78,4674.581,4672.361,4673.002,175,280,0
1776999960,4673.056,4673.247,4670.007,4671.316,210,280,0
1777000020,4671.332,4672.172,4669.574,4670.279,250,280,0
1777000080,4670.219,4672.772,4669.981,4671.031,229,280,0
1777000140,4670.99,4671.539,4669.809,4670.465,179,280,0
1777000200,4670.211,4671.567,4668.597,4671.249,194,280,0
1777000260,4671.311,4671.43,4669.867,4670.454,179,280,0
1777000320,4670.393,4670.393,4668.705,4669.688,212,280,0
1777000380,4669.779,4671.84,4669.779,4670.109,167,280,0
1777000440,4670.366,4670.598,4669.099,4670.431,197,280,0
1777000500,4670.488,4671.848,4670.123,4671.497,240,280,0
1777000560,4671.434,4672.655,4671.434,4672.391,162,280,0
1777000620,4672.108,4673.126,4671.964,4672.408,107,280,0
1777000680,4672.465,4673.864,4672.37,4673.77,172,280,0
1777000740,4673.831,4674.169,4672.918,4673.507,131,280,0
1777000800,4673.435,4675.238,4673.429,4674.951,146,280,0
1777000860,4674.872,4675.311,4674.362,4675.024,141,280,0
1777000920,4674.967,4676.409,4674.605,4676.406,160,280,0
1777000980,4676.473,4677.037,4675.469,4675.695,205,280,0
1777001040,4675.671,4675.898,4673.988,4674.513,130,280,0
1777001100,4674.711,4677.521,4674.188,4677.465,194,280,0
1777001160,4677.503,4678.055,4677.148,4677.326,149,280,0
1777001220,4677.155,4677.706,4674.773,4675.147,145,280,0
1777001280,4675.149,4676.302,4675.01,4675.768,127,280,0
1777001340,4675.667,4675.939,4673.173,4674.507,227,280,0
1777001400,4674.575,4674.989,4672.772,4673.579,292,280,0
1777001460,4673.671,4675.296,4673.254,4674.742,171,280,0
1777001520,4674.802,4675.003,4672.842,4673.589,156,280,0
1777001580,4673.403,4676.772,4673.403,4676.247,164,280,0
1777001640,4676.324,4677.089,4675.92,4676.671,180,280,0
1777001700,4676.466,4677.144,4675.36,4675.774,181,280,0
1777001760,4675.776,4676.285,4674.385,4674.489,134,280,0
1777001820,4674.507,4676.686,4674.248,4675.87,151,280,0
1777001880,4675.727,4677.228,4675.261,4677.228,111,280,0
1777001940,4677.157,4677.563,4676.631,4676.631,98,280,0
1777002000,4676.572,4677.458,4675.812,4677.114,104,280,0
1777002060,4677.162,4677.943,4676.974,4677.223,103,280,0
1777002120,4677.023,4678.043,4676.954,4677.428,125,280,0
1777002180,4677.485,4677.708,4676.641,4677.014,91,280,0
1777002240,4676.955,4676.955,4674.848,4675.226,139,280,0
1777002300,4675.273,4676.811,4675.236,4676.086,102,280,0
1777002360,4676.022,4676.022,4674.987,4675.425,92,280,0
1777002420,4675.183,4675.478,4673.935,4674.88,109,280,0
1777002480,4674.817,4676.309,4674.817,4675.855,118,280,0
1777002540,4675.912,4676.436,4675.097,4675.302,111,280,0
1777002600,4675.324,4675.963,4674.419,4674.419,111,280,0
1777002660,4674.359,4675.208,4674.001,4675.208,126,280,0
1777002720,4675.147,4676.015,4675.063,4675.669,107,280,0
1777002780,4675.6,4675.838,4674.694,4675.238,90,280,0
1777002840,4675.252,4675.81,4673.991,4673.991,114,280,0
1777002900,4673.823,4673.871,4672.334,4672.667,147,280,0
1777002960,4672.662,4673.297,4672.351,4673.297,109,280,0
1777003020,4673.258,4673.94,4672.67,4673.129,93,280,0
1777003080,4673.192,4673.363,4672.371,4672.371,97,280,0
1777003140,4672.453,4672.895,4671.405,4672.171,99,280,0
1777003200,4672.046,4672.077,4667.137,4670.291,297,280,0
1777003260,4670.181,4671.227,4669.35,4670.279,191,280,0
1777003320,4670.346,4671.409,4669.705,4669.956,124,280,0
1777003380,4670.043,4671.24,4669.659,4670.309,144,280,0
1777003440,4670.373,4671.703,4670.373,4670.837,139,280,0
1777003500,4670.902,4671.754,4670.724,4670.816,126,280,0
1777003560,4670.834,4670.834,4669.33,4670.19,116,280,0
1777003620,4670.187,4671.959,4669.903,4671.693,123,280,0
1777003680,4671.635,4672.721,4671.137,4672.346,107,280,0
1777003740,4672.57,4674.351,4672.416,4673.921,124,280,0
1777003800,4673.81,4674.53,4673.312,4673.464,106,280,0
1777003860,4673.697,4673.697,4670.787,4670.86,127,280,0
1777003920,4670.841,4672.515,4670.841,4671.569,150,280,0
1777003980,4671.5,4671.869,4670.093,4671.48,100,280,0
1777004040,4671.168,4671.449,4669.702,4669.882,82,280,0
1777004100,4670.048,4670.661,4669.261,4670.54,156,280,0
1777004160,4670.607,4670.711,4668.074,4669.629,209,280,0
1777004220,4669.626,4670.6,4668.571,4669.03,137,280,0
1777004280,4669.06,4669.798,4668.907,4669.353,117,280,0
1777004340,4669.36,4669.926,4668.745,4669.263,115,280,0
1777004400,4669.205,4669.205,4667.825,4668.156,151,280,0
1777004460,4668.169,4668.909,4667.592,4667.753,131,280,0
1777004520,4668.02,4668.02,4662.408,4662.858,435,280,0
1777004580,4662.777,4663.219,4661.456,4661.894,299,280,0
1777004640,4661.955,4663.247,4661.204,4661.549,186,280,0
1777004700,4661.43,4662.777,4658.832,4662.491,232,280,0
1777004760,4662.598,4662.627,4660.821,4661.346,163,280,0
1777004820,4661.416,4662.391,4659.524,4659.524,147,280,0
1777004880,4659.59,4660.716,4659.59,4660.025,136,280,0
1777004940,4660.068,4660.638,4659.28,4659.451,158,280,0
1777005000,4659.514,4661.081,4658.422,4659.232,282,280,0
1777005060,4659.093,4659.513,4657.657,4658.649,177,280,0
1777005120,4658.49,4660.487,4658.49,4659.338,131,280,0
1777005180,4659.263,4660.324,4659.08,4659.782,154,280,0
1777005240,4659.725,4661.668,4659.595,4661.664,145,280,0
1777005300,4661.822,4663.743,4660.647,4663.105,173,280,0
1777005360,4663.049,4664.732,4663.049,4664.256,133,280,0
1777005420,4664.2,4665.688,4663.881,4664.69,177,280,0
1777005480,4664.666,4665.307,4664.344,4665.092,94,308,0
1777005540,4665.149,4666.067,4664.839,4665.988,147,280,0
1777005600,4665.851,4666.543,4665.422,4665.955,125,280,0
1777005660,4665.971,4666.428,4665.212,4665.392,122,280,0
1777005720,4665.427,4666.008,4665.065,4665.065,92,280,0
1777005780,4665.234,4666.908,4664.578,4666.368,134,280,0
1777005840,4666.541,4668.384,4666.541,4667.901,144,280,0
1777005900,4668.013,4669.053,4668.012,4668.661,119,280,0
1777005960,4668.724,4672.006,4668.356,4671.218,190,280,0
1777006020,4671.277,4675.574,4671.277,4674.777,254,280,0
1777006080,4674.683,4675.935,4674.402,4674.942,182,280,0
1777006140,4674.878,4676.656,4674.704,4675.797,162,280,0
1777006200,4675.737,4675.915,4673.659,4674.55,185,280,0
1777006260,4674.477,4674.478,4673.427,4673.752,130,280,0
1777006320,4673.726,4674.797,4673.512,4673.989,118,280,0
1777006380,4673.904,4674.625,4673.454,4673.998,98,280,0
1777006440,4673.797,4674.347,4673.325,4673.977,84,280,0
1777006500,4674.129,4675.394,4674.064,4675.004,81,280,0
1777006560,4675.282,4675.592,4674.86,4675.199,84,280,0
1777006620,4675.199,4675.328,4673.461,4673.495,97,280,0
1777006680,4673.784,4674.223,4673.459,4674.071,85,280,0
1777006740,4674.062,4674.296,4673.585,4674.252,90,280,0
1777006800,4674.319,4676.764,4674.274,4675.946,189,280,0
1777006860,4675.667,4676.499,4673.669,4674.041,126,280,0
1777006920,4674.116,4674.559,4673.75,4674.482,112,280,0
1777006980,4674.332,4674.946,4673.604,4673.975,120,280,0
1777007040,4673.999,4674.117,4673.287,4673.442,99,280,0
1777007100,4673.605,4674.145,4673.111,4673.154,107,280,0
1777007160,4673.206,4673.591,4671.991,4673.198,141,280,0
1777007220,4673.356,4674.002,4672.271,4672.879,122,280,0
1777007280,4672.9,4673.272,4670.804,4670.804,120,280,0
1777007340,4670.883,4671.31,4670.262,4670.761,137,280,0
1777007400,4670.825,4671.906,4670.458,4671.564,110,280,0
1777007460,4671.72,4671.8,4670.753,4671.217,107,280,0
1777007520,4671.243,4671.278,4669.596,4670.606,137,280,0
1777007580,4670.787,4673.876,4670.735,4673.146,154,280,0
1777007640,4673.241,4674.007,4673.062,4673.546,77,280,0
1777007700,4673.593,4675.896,4673.33,4675.539,159,280,0
1777007760,4675.538,4675.699,4673.288,4673.587,131,280,0
1777007820,4673.466,4673.466,4672.181,4672.684,140,280,0
1777007880,4672.763,4672.917,4672.247,4672.582,112,280,0
1777007940,4672.467,4674.635,4672.004,4674.635,198,280,0
1777008000,4674.666,4674.986,4673.397,4673.717,126,280,0
1777008060,4673.636,4675.671,4673.636,4675.591,115,280,0
1777008120,4675.269,4675.393,4673.74,4674.256,132,280,0
1777008180,4674.101,4674.798,4673.865,4674.699,105,280,0
1777008240,4674.639,4676.59,4674.528,4676.404,143,280,0
1777008300,4676.185,4677.006,4675.947,4677.006,111,280,0
1777008360,4676.726,4677.469,4676.458,4677.253,89,280,0
1777008420,4677.429,4678.608,4677.429,4677.995,132,280,0
1777008480,4677.991,4678.248,4676.637,4677.065,124,280,0
1777008540,4676.922,4677.167,4676.282,4676.377,94,280,0
1777008600,4676.438,4680.046,4676.438,4679.255,342,280,0
1777008660,4679.321,4680.362,4679.291,4679.537,150,280,0
1777008720,4679.478,4680.733,4678.887,4680.647,170,280,0
1777008780,4680.396,4683.41,4680.324,4683.308,159,280,0
1777008840,4683.374,4684.608,4682.653,4684.33,188,280,0
1777008900,4684.388,4684.639,4681.951,4683.115,219,280,0
1777008960,4683.265,4683.931,4682.094,4683.787,212,280,0
1777009020,4683.846,4684.594,4682.85,4682.918,169,280,0
1777009080,4683.046,4683.692,4682.746,4683.069,116,280,0
1777009140,4683.134,4685.279,4682.816,4684.398,156,280,0
1777009200,4684.335,4685.221,4683.14,4684.945,190,280,0
1777009260,4684.888,4687.416,4684.193,4685.746,240,280,0
1777009320,4685.811,4686.168,4685.034,4685.757,181,280,0
1777009380,4685.754,4686.183,4684.144,4684.234,169,280,0
1777009440,4684.339,4684.605,4681.121,4682.6,228,280,0
1777009500,4682.681,4683.879,4681.541,4683.304,231,280,0
1777009560,4683.462,4684.293,4681.231,4681.333,192,280,0
1777009620,4681.264,4682.02,4680.756,4681.591,164,280,0
1777009680,4681.7,4683.232,4681.357,4681.459,195,280,0
1777009740,4681.529,4681.726,4680.183,4680.854,197,280,0
1777009800,4680.896,4681.989,4680.343,4681.589,112,280,0
1777009860,4681.683,4682.159,4681.193,4681.699,173,280,0
1777009920,4681.841,4682.971,4681.512,4681.843,152,280,0
1777009980,4681.902,4683.055,4681.416,4682.847,109,280,0
1777010040,4682.83,4684.467,4682.83,4684.077,163,280,0
1777010100,4684.133,4684.619,4683.692,4684.482,124,280,0
1777010160,4684.559,4684.559,4682.974,4683.113,158,280,0
1777010220,4683.148,4686.636,4682.759,4685.944,193,280,0
1777010280,4685.883,4686.545,4685.476,4685.991,118,280,0
1777010340,4685.948,4686.627,4685.456,4686.193,111,280,0
1777010400,4686.25,4688.139,4683.313,4684.515,156,280,0
1777010460,4684.504,4686.355,4683.763,4685.298,104,280,0
1777010520,4685.168,4685.608,4684.499,4684.615,103,280,0
1777010580,4684.662,4684.941,4683.07,4683.223,131,280,0
1777010640,4683.133,4684.572,4683.133,4683.376,171,280,0
1777010700,4683.535,4683.986,4682.774,4683.734,147,280,0
1777010760,4683.676,4684.672,4683.222,4683.246,129,280,0
1777010820,4683.243,4683.459,4682.12,4683.239,147,280,0
1777010880,4683.179,4684.782,4683.179,4684.734,148,280,0
1777010940,4684.636,4684.962,4682.635,4683.128,136,280,0
1777011000,4683.301,4683.892,4681.046,4681.046,202,280,0
1777011060,4680.967,4682.982,4680.967,4682.919,167,280,0
1777011120,4682.701,4683.369,4681.715,4683.006,188,280,0
1777011180,4683.298,4683.425,4682.223,4682.516,174,280,0
1777011240,4682.573,4682.788,4681.252,4681.732,131,280,0
1777011300,4681.744,4682.15,4680.01,4680.073,97,280,0
1777011360,4680.132,4680.619,4679.507,4680.205,119,280,0
1777011420,4680.024,4680.215,4678.658,4678.897,116,280,0
1777011480,4678.955,4679.518,4677.019,4677.73,131,280,0
1777011540,4677.796,4678.345,4676.606,4678.182,133,280,0
1777011600,4678.245,4678.245,4675.014,4675.284,178,280,0
1777011660,4675.291,4676.81,4674.593,4676.196,141,280,0
1777011720,4676.066,4676.462,4673.819,4674.129,190,280,0
1777011780,4674.12,4674.348,4673.458,4674.348,106,280,0
1777011840,4674.404,4675.556,4673.615,4673.892,131,280,0
1777011900,4673.952,4674.488,4671.706,4671.786,168,280,0
1777011960,4671.766,4673.47,4671.133,4672.897,148,280,0
1777012020,4672.839,4672.88,4671.038,4671.245,130,280,0
1777012080,4671.36,4672.232,4671.341,4672.073,129,280,0
1777012140,4672.011,4672.011,4670.049,4671.468,147,280,0
1777012200,4671.596,4674.805,4671.565,4674.683,138,280,0
1777012260,4674.74,4674.797,4672.628,4672.628,128,280,0
1777012320,4672.567,4673.526,4671.637,4673.158,128,280,0
1777012380,4672.994,4675.352,4672.994,4673.862,194,280,0
1777012440,4673.782,4673.799,4671.785,4672.147,144,280,0
1777012500,4672.227,4673.936,4672.064,4673.327,158,280,0
1777012560,4673.534,4674.019,4672.348,4673.743,177,280,0
1777012620,4673.807,4674.41,4673.097,4673.921,154,280,0
1777012680,4673.996,4674.361,4671.908,4674.361,189,280,0
1777012740,4674.119,4675.072,4673.952,4675.072,126,280,0
1777012800,4675.018,4676.169,4674.524,4675.495,126,280,0
1777012860,4675.712,4675.871,4672.473,4672.966,139,280,0
1777012920,4672.909,4673.911,4669.751,4673.508,200,280,0
1777012980,4673.393,4675.492,4672.595,4674.575,148,280,0
1777013040,4674.44,4674.679,4673.339,4673.751,124,280,0
1777013100,4673.592,4673.986,4671.147,4671.163,185,280,0
1777013160,4671.004,4671.004,4668.572,4669.295,181,280,0
1777013220,4669.357,4670.569,4668.927,4669.749,141,280,0
1777013280,4669.741,4671.043,4669.555,4670.555,159,280,0
1777013340,4670.612,4671.248,4669.148,4669.671,167,280,0
1777013400,4669.796,4670.766,4669.217,4670.111,203,280,0
1777013460,4669.958,4670.004,4666.689,4667.869,253,280,0
1777013520,4667.856,4670.712,4667.289,4670.712,173,280,0
1777013580,4670.641,4673.177,4670.641,4672.856,152,280,0
1777013640,4672.96,4674.922,4672.777,4674.799,154,280,0
1777013700,4674.753,4676.464,4674.447,4676.304,173,280,0
1777013760,4676.146,4676.197,4674.49,4674.753,122,280,0
1777013820,4674.523,4675.026,4672.844,4673.336,135,280,0
1777013880,4673.4,4674.33,4672.718,4672.996,134,280,0
1777013940,4672.923,4673.003,4671.603,4671.934,132,280,0
1777014000,4671.851,4672.982,4670.918,4672.738,176,280,0
1777014060,4672.712,4674.639,4672.383,4673.467,115,280,0
1777014120,4673.608,4674.737,4672.866,4674.735,117,280,0
1777014180,4674.695,4676.635,4674.064,4675.49,180,280,0
1777014240,4675.391,4675.404,4673.929,4674.551,163,280,0
1777014300,4674.463,4677.438,4673.906,4676.942,156,280,0
1777014360,4676.99,4678.472,4676.416,4678.001,151,280,0
1777014420,4677.987,4678.2,4676.788,4676.846,99,280,0
1777014480,4676.802,4677.999,4675.621,4677.795,137,280,0
1777014540,4677.853,4678.185,4676.826,4677.561,107,280,0
1777014600,4677.464,4679.049,4676.78,4678.549,103,280,0
1777014660,4678.519,4680.371,4678.364,4679.94,94,280,0
1777014720,4679.941,4680.094,4679.34,4680.02,102,280,0
1777014780,4680.017,4680.724,4679.949,4680.497,93,280,0
1777014840,4680.542,4681.371,4679.885,4680.401,98,280,0
1777014900,4680.342,4680.466,4678.858,4679.372,159,280,0
1777014960,4679.303,4680.008,4678.129,4679.842,216,280,0
1777015020,4679.708,4682.171,4679.708,4681.716,137,280,0
1777015080,4681.936,4682.185,4680.584,4681.094,130,280,0
1777015140,4681.17,4681.488,4680.148,4681.322,121,280,0
1777015200,4681.262,4683.022,4679.878,4681.783,181,280,0
1777015260,4681.841,4683.342,4681.349,4683.159,115,280,0
1777015320,4683.188,4684.145,4682.721,4683.677,121,280,0
1777015380,4683.648,4684.309,4683.004,4683.174,91,280,0
1777015440,4683.369,4683.369,4681.249,4681.881,125,280,0
1777015500,4681.693,4682.888,4681.65,4681.999,146,280,0
1777015560,4681.895,4684.716,4681.861,4684.143,116,280,0
1777015620,4684.134,4684.614,4683.367,4683.43,88,280,0
1777015680,4683.412,4683.945,4682.799,4683.291,83,280,0
1777015740,4683.366,4684.671,4683.366,4684.203,92,280,0
1777015800,4684.132,4684.321,4682.787,4682.955,127,280,0
1777015860,4682.867,4683.849,4682.615,4683.412,98,280,0
1777015920,4683.461,4683.974,4682.267,4682.752,118,280,0
1777015980,4682.693,4683.211,4682.154,4682.522,81,280,0
1777016040,4682.343,4684.088,4682.208,4683.96,89,280,0
1777016100,4683.842,4685.575,4683.124,4685.341,152,280,0
1777016160,4685.463,4685.768,4684.364,4685.075,127,280,0
1777016220,4684.855,4684.957,4684.296,4684.613,125,280,0
1777016280,4684.578,4685.021,4683.969,4684.641,100,280,0
1777016340,4684.699,4685.236,4683.291,4683.291,77,280,0
1777016400,4683.135,4684.111,4682.641,4684.111,117,280,0
1777016460,4684.116,4685.219,4683.662,4683.662,136,280,0
1777016520,4683.873,4684.749,4683.695,4684.291,102,280,0
1777016580,4684.229,4685.323,4684.079,4685.009,109,280,0
1777016640,4685.049,4686.118,4684.934,4685.367,106,280,0
1777016700,4685.316,4688.721,4685.056,4688.324,214,280,0
1777016760,4688.381,4690.766,4688.164,4689.186,210,280,0
1777016820,4689.243,4690.165,4688.809,4689.491,138,280,0
1777016880,4689.402,4690.119,4689.151,4690.08,129,280,0
1777016940,4690.025,4692.008,4689.368,4690.754,161,280,0
1777017000,4690.733,4692.387,4690.24,4691.739,118,280,0
1777017060,4691.739,4692.478,4690.478,4692.374,127,280,0
1777017120,4692.259,4692.754,4691.604,4691.888,121,280,0
1777017180,4691.954,4692.03,4690.61,4691.137,116,280,0
1777017240,4691.145,4691.226,4690.581,4690.703,83,280,0
1777017300,4690.6,4691.036,4689.932,4691.036,102,280,0
1777017360,4690.799,4691.544,4690.071,4690.239,131,280,0
1777017420,4690.433,4691.201,4689.941,4690.871,111,280,0
1777017480,4691.177,4694.96,4690.855,4694.622,144,280,0
1777017540,4694.531,4695.224,4694.02,4694.285,150,280,0
1777017600,4694.337,4694.337,4690.008,4690.531,126,280,0
1777017660,4690.539,4690.811,4687.255,4687.944,104,280,0
1777017720,4688.065,4689.375,4688.065,4688.739,86,280,0
1777017780,4688.724,4690.623,4688.196,4688.263,201,280,0
1777017840,4688.077,4688.564,4686.497,4688.32,210,280,0
1777017900,4688.332,4690.055,4687.775,4688.74,134,280,0
1777017960,4688.669,4688.917,4686.238,4688.403,190,280,0
1777018020,4688.284,4688.714,4686.984,4688.431,159,280,0
1777018080,4688.232,4688.876,4687.572,4687.809,179,280,0
1777018140,4687.91,4688.203,4687.167,4687.908,115,280,0
1777018200,4687.915,4689.651,4687.521,4689.485,153,280,0
1777018260,4689.421,4690.096,4688.156,4688.292,150,280,0
1777018320,4688.534,4689.084,4687.568,4687.954,158,280,0
1777018380,4687.731,4688.011,4686.846,4687.064,108,280,0
1777018440,4687.0,4687.795,4687.0,4687.434,84,280,0
1777018500,4687.49,4690.728,4687.37,4690.335,304,280,0
1777018560,4690.4,4692.338,4689.753,4689.852,191,280,0
1777018620,4689.909,4691.788,4689.271,4690.753,148,280,0
1777018680,4690.804,4692.882,4690.1,4692.455,172,280,0
1777018740,4692.483,4694.109,4692.416,4693.093,160,280,0
1777018800,4693.046,4695.581,4692.358,4695.33,172,280,0
1777018860,4695.25,4697.315,4694.185,4694.269,192,280,0
1777018920,4694.074,4694.556,4691.82,4692.152,146,280,0
1777018980,4692.098,4692.999,4691.762,4692.691,148,280,0
1777019040,4692.798,4693.718,4692.139,4692.281,116,280,0
1777019100,4692.07,4692.232,4690.616,4690.91,132,280,0
1777019160,4690.847,4691.64,4690.159,4691.287,111,280,0
1777019220,4691.329,4691.329,4689.631,4689.646,126,280,0
1777019280,4689.674,4689.674,4686.835,4687.268,170,280,0
1777019340,4687.336,4688.652,4687.138,4687.968,173,280,0
1777019400,4687.897,4687.974,4686.879,4687.591,113,280,0
1777019460,4687.367,4687.47,4685.768,4686.667,140,280,0
1777019520,4686.786,4687.707,4686.239,4687.499,126,280,0
1777019580,4687.562,4688.701,4686.272,4686.916,170,280,0
1777019640,4687.178,4687.394,4685.959,4686.276,111,280,0
1777019700,4686.343,4686.924,4685.571,4685.976,145,280,0
1777019760,4685.772,4686.48,4685.182,4685.84,137,280,0
1777019820,4685.844,4687.455,4685.492,4687.34,123,280,0
1777019880,4687.207,4689.054,4687.07,4688.831,142,280,0
1777019940,4688.756,4689.134,4687.717,4688.198,132,280,0
1777020000,4688.178,4690.018,4688.178,4689.264,115,280,0
1777020060,4689.269,4690.246,4688.983,4689.683,134,280,0
1777020120,4689.624,4689.738,4687.985,4688.877,112,280,0
1777020180,4688.934,4689.127,4687.769,4688.347,112,280,0
1777020240,4688.375,4688.469,4687.345,4688.151,87,280,0
1777020300,4687.937,4690.499,4687.574,4690.281,112,280,0
1777020360,4690.464,4691.184,4689.614,4690.047,113,280,0
1777020420,4689.877,4691.102,4689.171,4690.568,109,280,0
1777020480,4690.773,4692.853,4689.961,4691.738,255,280,0
1777020540,4691.522,4692.233,4691.309,4691.621,131,280,0
1777020600,4691.616,4691.755,4690.686,4690.907,132,280,0
1777020660,4690.776,4691.872,4690.776,4691.158,91,280,0
1777020720,4691.098,4691.232,4689.627,4689.737,111,280,0
1777020780,4689.859,4690.637,4689.579,4690.172,97,280,0
1777020840,4690.29,4690.69,4689.624,4690.09,82,280,0
1777020900,4690.262,4690.262,4689.029,4689.375,85,280,0
1777020960,4689.587,4690.41,4689.011,4689.486,89,280,0
1777021020,4689.769,4689.769,4688.661,4689.113,91,280,0
1777021080,4689.131,4690.365,4689.011,4689.773,90,280,0
1777021140,4690.052,4691.116,4689.35,4690.734,129,280,0
1777021200,4690.928,4692.959,4690.88,4692.019,159,280,0
1777021260,4691.957,4692.33,4690.235,4690.629,138,280,0
1777021320,4690.664,4691.945,4689.648,4690.703,216,280,0
1777021380,4690.846,4692.876,4689.841,4692.391,154,280,0
1777021440,4692.416,4692.759,4690.551,4691.483,151,280,0
1777021500,4691.427,4692.56,4690.757,4692.413,125,280,0
1777021560,4692.39,4694.143,4692.343,4693.719,110,280,0
1777021620,4693.699,4693.861,4691.16,4691.564,148,280,0
1777021680,4691.621,4692.074,4690.376,4690.913,158,280,0
1777021740,4690.97,4691.852,4690.91,4691.103,89,280,0
1777021800,4691.148,4692.071,4690.987,4691.645,121,280,0
1777021860,4691.878,4692.816,4691.578,4692.314,117,280,0
1777021920,4692.524,4693.688,4691.61,4693.442,141,280,0
1777021980,4693.324,4695.276,4692.749,4694.594,151,280,0
1777022040,4694.537,4695.105,4694.178,4695.105,136,280,0
1777022100,4695.099,4696.6,4694.825,4696.6,116,280,0
1777022160,4696.441,4696.57,4694.679,4694.798,102,280,0
1777022220,4694.739,4696.138,4694.472,4695.22,121,280,0
1777022280,4695.312,4695.312,4692.716,4693.191,126,280,0
1777022340,4693.483,4694.82,4693.072,4694.474,135,280,0
1777022400,4694.441,4694.839,4692.533,4692.891,141,280,0
1777022460,4692.682,4693.196,4691.417,4691.768,120,280,0
1777022520,4691.711,4691.711,4688.353,4691.066,332,280,0
1777022580,4691.023,4693.264,4688.672,4689.025,308,280,0
1777022640,4688.999,4689.172,4686.149,4686.622,124,280,0
1777022700,4686.597,4686.623,4682.442,4684.985,307,280,0
1777022760,4684.925,4687.547,4684.925,4685.668,245,280,0
1777022820,4685.606,4685.844,4684.056,4685.579,163,280,0
1777022880,4685.558,4685.558,4683.29,4684.228,222,280,0
1777022940,4684.248,4684.519,4682.192,4683.403,159,280,0
1777023000,4683.192,4684.49,4681.631,4682.003,218,280,0
1777023060,4682.061,4682.441,4680.411,4680.649,157,280,0
1777023120,4680.559,4682.039,4680.429,4681.516,200,280,0
1777023180,4681.574,4681.683,4679.335,4680.317,173,280,0
1777023240,4680.373,4683.622,4680.3,4682.825,140,280,0
1777023300,4682.939,4683.34,4681.917,4682.201,98,280,0
1777023360,4682.144,4682.548,4680.811,4681.966,145,280,0
1777023420,4681.909,4683.385,4681.504,4683.161,119,280,0
1777023480,4683.285,4684.024,4683.137,4683.446,107,280,0
1777023540,4683.493,4683.778,4682.583,4682.658,99,280,0
1777023600,4682.595,4682.932,4682.145,4682.755,100,280,0
1777023660,4682.829,4683.827,4682.405,4683.564,151,280,0
1777023720,4683.623,4688.202,4683.461,4688.154,208,280,0
1777023780,4688.195,4688.404,4685.143,4685.788,168,280,0
1777023840,4685.907,4686.026,4684.588,4686.026,122,280,0
1777023900,4686.11,4686.696,4685.72,4685.759,113,280,0
1777023960,4685.832,4686.157,4684.426,4685.281,112,280,0
1777024020,4685.293,4685.796,4684.885,4685.023,69,280,0
1777024080,4684.918,4685.23,4684.4,4684.693,92,280,0
1777024140,4684.819,4685.565,4684.56,4685.221,79,280,0
1777024200,4685.291,4685.301,4681.908,4683.379,202,280,0
1777024260,4683.447,4684.536,4683.242,4683.843,120,280,0
1777024320,4683.783,4684.52,4682.416,4682.673,103,280,0
1777024380,4682.677,4682.677,4680.453,4680.644,142,280,0
1777024440,4680.703,4682.534,4679.203,4682.321,134,280,0
1777024500,4682.263,4684.255,4681.496,4683.826,128,280,0
1777024560,4683.701,4684.182,4681.795,4683.006,157,280,0
1777024620,4683.126,4683.504,4679.962,4680.328,204,280,0
1777024680,4680.329,4681.299,4680.11,4681.157,135,280,0
1777024740,4681.125,4682.854,4681.071,4682.005,117,280,0
1777024800,4681.894,4684.627,4681.417,4683.847,189,280,0
1777024860,4683.82,4684.084,4682.578,4682.859,163,280,0
1777024920,4682.71,4682.971,4682.103,4682.575,104,280,0
1777024980,4682.632,4684.283,4682.527,4683.589,137,280,0
1777025040,4683.722,4684.466,4683.062,4683.72,107,280,0
1777025100,4683.865,4684.076,4680.802,4681.662,152,280,0
1777025160,4681.811,4684.215,4681.621,4683.924,147,280,0
1777025220,4683.931,4684.712,4683.45,4684.144,134,280,0
1777025280,4684.124,4684.141,4683.117,4683.159,116,280,0
1777025340,4683.279,4683.91,4682.926,4683.578,92,280,0
1777025400,4683.625,4683.695,4682.557,4683.005,89,280,0
1777025460,4682.718,4683.216,4682.478,4682.985,96,280,0
1777025520,4683.033,4683.212,4681.897,4682.157,126,280,0
1777025580,4682.228,4682.778,4680.936,4681.465,117,280,0
1777025640,4681.472,4682.366,4681.022,4682.07,95,280,0
1777025700,4682.156,4683.069,4681.352,4682.289,140,280,0
1777025760,4682.148,4682.643,4681.957,4682.425,103,280,0
1777025820,4682.369,4682.724,4681.404,4681.97,123,280,0
1777025880,4682.103,4683.774,4681.957,4682.963,126,280,0
1777025940,4682.831,4683.062,4682.396,4682.873,82,280,0
1777026000,4682.978,4684.022,4682.471,4683.706,107,280,0
1777026060,4683.616,4684.409,4683.341,4683.341,126,280,0
1777026120,4683.239,4683.335,4680.856,4681.871,145,280,0
1777026180,4681.81,4681.952,4680.373,4680.761,126,280,0
1777026240,4680.918,4683.876,4680.111,4683.335,143,280,0
1777026300,4683.413,4686.088,4682.91,4685.197,125,280,0
1777026360,4685.11,4685.668,4684.522,4684.666,124,280,0
1777026420,4684.989,4686.151,4684.525,4685.428,142,280,0
1777026480,4685.492,4685.95,4684.392,4684.894,125,280,0
1777026540,4684.975,4685.272,4682.074,4682.363,145,280,0
1777026600,4682.373,4682.44,4680.235,4680.774,154,280,0
1777026660,4680.717,4681.192,4678.049,4678.192,150,280,0
1777026720,4677.901,4678.724,4676.465,4676.888,168,280,0
1777026780,4677.035,4677.252,4675.449,4676.228,193,280,0
1777026840,4676.112,4676.98,4675.335,4675.453,149,280,0
1777026900,4675.39,4676.918,4674.631,4676.75,182,280,0
1777026960,4676.808,4678.453,4676.13,4676.922,161,280,0
1777027020,4676.872,4678.253,4676.872,4678.139,131,280,0
1777027080,4677.969,4678.727,4677.531,4677.877,120,280,0
1777027140,4677.738,4677.814,4676.654,4677.414,110,280,0
1777027200,4677.346,4679.294,4677.038,4678.433,158,280,0
1777027260,4678.364,4679.281,4678.296,4678.809,106,280,0
1777027320,4679.02,4680.711,4678.551,4680.669,116,280,0
1777027380,4680.711,4680.941,4679.852,4679.928,108,280,0
1777027440,4679.9,4680.121,4678.994,4678.994,112,280,0
1777027500,4678.755,4679.452,4677.519,4678.127,117,280,0
1777027560,4678.202,4679.915,4678.202,4679.014,117,280,0
1777027620,4679.135,4679.54,4677.682,4678.137,84,280,0
1777027680,4678.078,4679.008,4677.771,4678.998,102,280,0
1777027740,4678.742,4679.785,4678.485,4679.699,74,280,0
1777027800,4679.655,4680.574,4679.44,4680.465,106,280,0
1777027860,4680.518,4680.546,4679.1,4679.29,70,280,0
1777027920,4679.22,4679.389,4678.739,4678.999,75,280,0
1777027980,4678.848,4679.124,4677.138,4677.399,110,280,0
1777028040,4677.297,4677.466,4676.541,4677.294,90,280,0
1777028100,4677.287,4677.906,4676.803,4677.291,107,280,0
1777028160,4677.289,4678.731,4677.14,4678.288,104,280,0
1777028220,4678.48,4680.185,4678.48,4679.234,116,280,0
1777028280,4679.237,4679.59,4678.642,4679.59,90,280,0
1777028340,4679.544,4679.544,4677.224,4677.892,107,280,0
1777028400,4677.824,4681.592,4677.824,4681.372,279,280,0
1777028460,4681.436,4683.919,4680.258,4683.714,217,280,0
1777028520,4683.769,4684.185,4681.598,4681.974,182,280,0
1777028580,4681.939,4682.948,4681.189,4682.617,139,280,0
1777028640,4682.483,4690.742,4681.692,4689.49,566,280,0
1777028700,4689.386,4695.982,4687.336,4687.844,1079,280,0
1777028760,4687.911,4692.653,4687.153,4691.2,469,280,0
1777028820,4691.251,4703.056,4689.975,4701.961,1213,280,0
1777028880,4701.998,4703.176,4694.571,4695.001,771,280,0
1777028940,4694.867,4700.603,4693.021,4695.957,756,280,0
1777029000,4696.181,4699.181,4695.558,4698.668,396,280,0
1777029060,4698.728,4701.531,4696.721,4698.573,597,280,0
1777029120,4698.556,4701.528,4697.777,4697.833,492,280,0
1777029180,4697.763,4698.908,4695.852,4696.518,364,280,0
1777029240,4696.574,4698.85,4696.417,4697.095,285,280,0
1777029300,4697.04,4700.228,4695.881,4699.304,435,280,0
1777029360,4698.974,4700.572,4695.071,4695.849,402,280,0
1777029420,4695.676,4698.779,4694.636,4694.733,469,280,0
1777029480,4694.897,4694.897,4692.491,4694.052,221,280,0
1777029540,4694.264,4695.98,4693.327,4695.068,229,280,0
1777029600,4695.211,4695.78,4693.179,4693.508,205,280,0
1777029660,4693.359,4702.405,4692.56,4699.658,889,280,0
1777029720,4699.586,4706.266,4697.738,4704.401,891,280,0
1777029780,4704.342,4708.701,4703.267,4707.416,627,280,0
1777029840,4707.328,4711.885,4705.765,4709.402,796,280,0
1777029900,4709.244,4712.522,4706.48,4707.482,652,280,0
1777029960,4707.389,4712.92,4706.658,4712.871,547,280,0
1777030020,4712.811,4715.258,4711.908,4714.956,407,280,0
1777030080,4715.014,4717.132,4713.626,4713.742,291,280,0
1777030140,4713.717,4715.352,4711.101,4715.351,449,280,0
1777030200,4715.156,4716.965,4710.858,4710.869,485,280,0
1777030260,4711.011,4715.958,4710.374,4715.492,451,280,0
1777030320,4715.351,4717.39,4712.456,4712.565,376,280,0
1777030380,4712.455,4713.126,4711.393,4712.483,264,280,0
1777030440,4712.425,4715.517,4711.438,4713.21,331,280,0
1777030500,4713.141,4713.141,4708.521,4710.505,245,280,0
1777030560,4710.567,4711.117,4708.042,4708.256,254,280,0
1777030620,4708.211,4709.145,4706.176,4707.718,267,280,0
1777030680,4707.655,4707.895,4706.325,4707.185,172,280,0
1777030740,4707.176,4708.492,4706.737,4707.243,172,280,0
1777030800,4707.184,4708.635,4706.138,4708.31,200,280,0
1777030860,4708.147,4709.72,4706.779,4708.475,237,280,0
1777030920,4708.399,4708.732,4707.041,4707.349,148,280,0
1777030980,4707.292,4708.193,4706.817,4707.863,124,280,0
1777031040,4707.707,4707.851,4705.116,4705.491,173,280,0
1777031100,4705.432,4705.801,4703.848,4704.525,236,280,0
1777031160,4704.455,4705.118,4703.798,4704.464,166,280,0
1777031220,4704.405,4704.59,4702.805,4703.667,155,280,0
1777031280,4703.728,4705.728,4703.728,4704.418,185,280,0
1777031340,4704.408,4704.827,4703.599,4704.485,172,280,0
1777031400,4704.363,4706.286,4703.104,4705.766,168,280,0
1777031460,4705.605,4707.208,4705.2,4706.625,147,280,0
1777031520,4706.802,4707.089,4705.533,4705.691,125,280,0
1777031580,4705.658,4707.058,4704.055,4706.326,178,280,0
1777031640,4706.387,4707.248,4705.931,4706.244,133,280,0
1777031700,4706.186,4706.375,4704.992,4705.764,151,280,0
1777031760,4705.833,4706.613,4705.66,4706.159,139,280,0
1777031820,4706.281,4707.368,4705.547,4706.722,177,280,0
1777031880,4706.938,4708.092,4706.696,4707.698,123,280,0
1777031940,4707.699,4708.078,4706.209,4706.672,121,280,0
1777032000,4706.752,4710.075,4706.672,4708.215,301,280,0
1777032060,4708.465,4708.465,4705.119,4706.878,255,280,0
1777032120,4706.937,4708.094,4705.597,4707.705,231,280,0
1777032180,4707.756,4708.785,4706.304,4707.943,209,280,0
1777032240,4708.049,4709.283,4705.01,4707.263,387,280,0
1777032300,4707.459,4707.873,4706.034,4706.212,205,280,0
1777032360,4706.197,4706.688,4703.247,4704.0,186,280,0
1777032420,4703.951,4704.883,4703.414,4704.767,167,280,0
1777032480,4704.754,4706.754,4704.556,4705.245,168,280,0
1777032540,4704.952,4705.847,4704.495,4705.269,156,280,0
1777032600,4705.326,4708.427,4705.187,4707.826,164,280,0
1777032660,4707.844,4708.316,4706.206,4706.91,146,280,0
1777032720,4707.082,4708.042,4706.548,4707.605,128,280,0
1777032780,4707.615,4710.345,4707.398,4709.194,349,280,0
1777032840,4709.125,4709.33,4708.001,4708.568,162,280,0
1777032900,4708.635,4709.819,4707.067,4709.128,202,280,0
1777032960,4709.051,4709.785,4708.742,4709.495,131,280,0
1777033020,4709.227,4711.747,4709.227,4711.184,175,280,0
1777033080,4711.123,4711.488,4708.996,4709.167,217,280,0
1777033140,4709.2,4709.2,4701.402,4706.02,898,280,0
1777033200,4706.076,4708.698,4705.914,4707.173,277,280,0
1777033260,4707.04,4707.965,4704.555,4705.994,280,280,0
1777033320,4706.019,4707.15,4703.59,4705.082,405,280,0
1777033380,4705.091,4709.358,4704.769,4708.904,223,280,0
1777033440,4708.827,4711.413,4707.947,4709.038,270,280,0
1777033500,4709.106,4709.411,4707.582,4708.649,239,280,0
1777033560,4708.685,4709.684,4707.906,4709.611,229,280,0
1777033620,4709.603,4709.665,4707.359,4707.645,155,280,0
1777033680,4707.518,4708.9,4707.371,4708.66,119,280,0
1777033740,4708.974,4710.626,4708.861,4710.235,139,280,0
1777033800,4710.107,4711.472,4708.694,4710.245,131,280,0
1777033860,4710.328,4710.922,4707.449,4707.646,127,280,0
1777033920,4707.558,4708.437,4707.149,4708.171,120,280,0
1777033980,4708.23,4709.599,4708.007,4708.361,157,280,0
1777034040,4708.457,4708.512,4705.801,4706.049,178,280,0
1777034100,4705.713,4707.047,4703.878,4706.761,242,280,0
1777034160,4706.893,4707.361,4704.417,4704.843,249,280,0
1777034220,4704.906,4706.624,4703.568,4706.29,298,280,0
1777034280,4706.292,4707.213,4705.227,4706.258,206,280,0
1777034340,4706.096,4706.788,4705.561,4705.926,153,280,0
1777034400,4705.894,4706.859,4705.065,4705.463,159,280,0
1777034460,4705.315,4705.524,4703.761,4704.376,156,280,0
1777034520,4704.331,4705.223,4701.539,4701.891,242,280,0
1777034580,4701.85,4702.235,4699.377,4699.431,196,280,0
1777034640,4699.771,4700.84,4698.632,4698.632,204,280,0
1777034700,4698.803,4699.11,4697.393,4698.287,185,280,0
1777034760,4698.345,4699.495,4696.689,4697.565,217,280,0
1777034820,4697.582,4698.555,4696.33,4696.651,157,280,0
1777034880,4696.662,4696.838,4695.288,4695.608,180,280,0
1777034940,4695.755,4695.882,4690.303,4692.523,451,280,0
1777035000,4692.461,4694.599,4690.661,4694.599,401,280,0
1777035060,4694.736,4695.466,4693.34,4694.584,203,280,0
1777035120,4694.566,4694.566,4692.355,4693.184,206,280,0
1777035180,4693.126,4694.166,4692.872,4692.872,169,280,0
1777035240,4692.538,4694.078,4691.793,4693.681,234,280,0
1777035300,4693.745,4694.986,4693.474,4694.235,236,280,0
1777035360,4694.173,4695.7,4693.437,4695.438,163,280,0
1777035420,4695.499,4698.443,4695.499,4697.903,185,280,0
1777035480,4697.962,4700.631,4697.945,4700.135,184,280,0
1777035540,4700.076,4700.838,4699.681,4700.759,181,280,0
1777035600,4700.793,4701.902,4698.17,4700.614,403,280,0
1777035660,4700.542,4703.098,4700.403,4701.358,268,280,0
1777035720,4701.621,4702.602,4698.959,4699.22,307,280,0
1777035780,4699.25,4700.084,4697.632,4698.722,196,280,0
1777035840,4698.79,4699.085,4696.197,4697.906,189,280,0
1777035900,4697.847,4699.024,4696.136,4698.982,251,280,0
1777035960,4698.905,4701.733,4698.721,4701.733,201,280,0
1777036020,4701.5,4701.534,4699.275,4700.041,194,280,0
1777036080,4699.978,4702.814,4699.853,4702.736,195,280,0
1777036140,4702.67,4702.739,4699.57,4700.342,248,280,0
1777036200,4700.553,4701.256,4699.148,4700.419,222,280,0
1777036260,4700.712,4705.52,4700.093,4703.569,517,280,0
1777036320,4703.316,4705.148,4702.896,4703.669,294,280,0
1777036380,4703.626,4705.583,4703.552,4704.349,235,280,0
1777036440,4704.28,4704.334,4702.397,4703.002,187,280,0
1777036500,4703.123,4703.848,4702.553,4703.673,147,280,0
1777036560,4703.584,4705.117,4703.012,4704.098,227,280,0
1777036620,4704.035,4704.035,4701.053,4701.335,253,280,0
1777036680,4701.276,4701.738,4699.743,4700.054,246,280,0
1777036740,4699.836,4703.363,4699.836,4702.02,241,280,0
1777036800,4702.11,4704.108,4702.11,4703.186,210,280,0
1777036860,4703.125,4703.125,4698.435,4699.031,203,280,0
1777036920,4698.813,4699.276,4697.083,4697.645,244,280,0
1777036980,4697.582,4699.857,4696.977,4697.755,277,280,0
1777037040,4697.529,4698.58,4695.405,4696.206,244,280,0
1777037100,4696.09,4696.552,4694.192,4696.125,255,280,0
1777037160,4696.232,4697.325,4695.59,4696.681,183,280,0
1777037220,4696.624,4697.232,4694.071,4694.421,221,280,0
1777037280,4694.49,4696.63,4693.377,4696.096,222,280,0
1777037340,4696.266,4697.203,4695.273,4697.203,221,280,0
1777037400,4696.866,4699.479,4693.968,4694.734,773,280,0
1777037460,4694.785,4695.283,4690.988,4692.519,506,280,0
1777037520,4692.59,4692.714,4689.518,4691.368,391,280,0
1777037580,4691.426,4693.454,4690.099,4693.174,322,280,0
1777037640,4693.429,4695.091,4692.056,4692.226,342,280,0
1777037700,4692.255,4693.893,4691.525,4693.893,373,280,0
1777037760,4693.81,4696.325,4693.593,4694.289,417,280,0
1777037820,4694.45,4698.195,4693.345,4696.004,368,280,0
1777037880,4696.062,4699.472,4695.033,4699.472,287,280,0
1777037940,4699.593,4704.459,4698.925,4703.805,394,280,0
1777038000,4703.747,4707.715,4702.233,4706.964,406,280,0
1777038060,4706.956,4708.536,4705.119,4705.828,354,280,0
1777038120,4705.771,4707.114,4704.853,4706.588,380,280,0
1777038180,4706.626,4709.795,4705.251,4708.45,473,280,0
1777038240,4708.394,4708.566,4706.447,4708.034,391,280,0
1777038300,4708.107,4710.12,4706.82,4709.169,457,280,0
1777038360,4709.227,4710.542,4708.014,4709.255,439,280,0
1777038420,4709.304,4709.941,4706.278,4708.434,442,280,0
1777038480,4708.541,4717.558,4708.359,4713.207,569,280,0
1777038540,4713.382,4714.067,4709.68,4711.876,419,280,0
1777038600,4711.98,4712.465,4710.213,4710.213,400,280,0
1777038660,4710.302,4710.302,4706.51,4707.779,339,280,0
1777038720,4707.723,4709.509,4707.179,4708.105,404,280,0
1777038780,4708.038,4708.35,4706.772,4707.976,280,280,0
1777038840,4708.109,4708.406,4705.083,4706.111,234,280,0
1777038900,4706.231,4707.041,4704.515,4706.804,270,280,0
1777038960,4707.054,4707.694,4705.483,4706.917,245,280,0
1777039020,4706.772,4710.936,4706.653,4710.595,292,280,0
1777039080,4710.524,4712.534,4710.524,4712.146,234,280,0
1777039140,4712.076,4712.806,4710.63,4711.927,199,280,0
1777039200,4711.57,4712.764,4708.997,4710.507,238,280,0
1777039260,4710.732,4715.399,4708.981,4712.961,311,280,0
1777039320,4712.747,4713.07,4710.803,4710.925,228,280,0
1777039380,4711.237,4713.377,4710.842,4711.059,530,280,0
1777039440,4711.13,4714.217,4706.822,4713.181,1016,280,0
1777039500,4712.951,4726.546,4712.79,4723.51,1131,280,0
1777039560,4723.57,4724.001,4719.825,4722.077,738,280,0
1777039620,4722.139,4723.088,4718.081,4721.443,694,280,0
1777039680,4721.643,4727.142,4720.848,4724.794,540,280,0
1777039740,4724.944,4730.927,4724.944,4727.957,677,280,0
1777039800,4728.025,4728.672,4725.684,4726.046,496,280,0
1777039860,4726.097,4733.074,4725.748,4732.689,527,280,0
1777039920,4732.469,4738.41,4732.304,4736.884,734,280,0
1777039980,4736.827,4740.324,4734.174,4734.306,557,280,0
1777040040,4734.368,4736.145,4730.895,4731.589,497,280,0
1777040100,4731.531,4731.531,4727.048,4728.485,588,280,0
1777040160,4728.543,4733.706,4728.38,4732.402,515,280,0
1777040220,4732.461,4732.556,4730.253,4730.55,473,280,0
1777040280,4730.678,4731.166,4729.169,4729.622,405,280,0
1777040340,4729.536,4732.246,4729.536,4731.209,370,280,0
1777040400,4731.247,4734.028,4730.438,4731.483,404,280,0
1777040460,4731.331,4731.957,4726.511,4728.728,469,280,0
1777040520,4728.786,4730.389,4728.385,4730.389,306,280,0
1777040580,4730.312,4730.312,4728.013,4728.169,341,280,0
1777040640,4728.083,4728.962,4726.602,4728.019,394,280,0
1777040700,4728.173,4728.466,4725.006,4726.027,308,280,0
1777040760,4726.088,4726.653,4722.435,4724.008,413,280,0
1777040820,4723.948,4724.634,4721.594,4722.788,392,280,0
1777040880,4722.731,4726.987,4722.14,4726.335,381,280,0
1777040940,4726.381,4727.405,4724.78,4725.637,369,280,0
1777041000,4725.694,4726.624,4723.64,4724.957,323,280,0
1777041060,4725.041,4726.388,4724.167,4725.35,289,280,0
1777041120,4725.245,4729.388,4724.793,4728.122,300,280,0
1777041180,4728.215,4729.824,4727.45,4729.456,239,280,0
1777041240,4729.467,4731.454,4728.375,4728.547,275,280,0
1777041300,4728.838,4729.362,4727.396,4728.294,294,280,0
1777041360,4728.39,4729.799,4728.068,4728.334,285,280,0
1777041420,4728.234,4730.02,4726.452,4726.452,292,280,0
1777041480,4726.513,4732.402,4725.9,4731.013,464,280,0
1777041540,4730.965,4731.789,4729.183,4729.862,357,280,0
1777041600,4729.714,4731.421,4729.44,4729.657,231,280,0
1777041660,4729.598,4731.941,4727.971,4728.269,309,280,0
1777041720,4728.34,4729.977,4727.614,4729.27,282,280,0
1777041780,4729.351,4732.615,4729.351,4732.154,229,280,0
1777041840,4732.096,4732.886,4730.241,4730.325,229,280,0
1777041900,4730.481,4731.266,4727.664,4727.915,269,280,0
1777041960,4727.781,4731.037,4726.775,4730.448,288,280,0
1777042020,4730.388,4730.47,4728.068,4728.724,248,280,0
1777042080,4728.699,4729.666,4726.279,4726.973,272,280,0
1777042140,4726.914,4728.503,4725.095,4727.707,244,280,0
1777042200,4727.632,4729.292,4726.527,4726.527,233,280,0
1777042260,4726.38,4728.311,4724.636,4727.998,296,280,0
1777042320,4728.053,4728.965,4727.057,4727.718,224,280,0
1777042380,4727.557,4728.306,4726.852,4727.277,215,280,0
1777042440,4727.356,4727.385,4725.521,4725.804,175,280,0
1777042500,4725.862,4727.137,4724.203,4725.615,191,280,0
1777042560,4725.718,4725.767,4724.41,4724.665,159,280,0
1777042620,4724.57,4725.759,4724.15,4724.669,194,280,0
1777042680,4724.78,4726.041,4724.167,4724.995,192,280,0
1777042740,4724.92,4726.702,4724.585,4726.374,149,280,0
1777042800,4726.437,4726.643,4724.335,4725.1,205,280,0
1777042860,4725.028,4725.426,4723.869,4724.775,211,280,0
1777042920,4724.692,4725.321,4723.353,4725.256,219,280,0
1777042980,4725.298,4727.141,4723.813,4723.871,273,280,0
1777043040,4723.809,4724.382,4721.75,4722.306,235,280,0
1777043100,4722.271,4723.638,4721.489,4721.736,231,280,0
1777043160,4721.811,4722.602,4719.026,4719.422,237,280,0
1777043220,4719.366,4721.006,4718.834,4720.269,291,280,0
1777043280,4720.075,4722.616,4720.075,4721.429,229,280,0
1777043340,4721.317,4724.51,4721.141,4723.921,223,280,0
1777043400,4723.862,4724.903,4723.397,4723.514,164,280,0
1777043460,4723.561,4723.656,4722.597,4722.97,182,280,0
1777043520,4722.991,4724.983,4722.79,4724.172,196,280,0
1777043580,4724.263,4724.869,4721.326,4722.157,223,280,0
1777043640,4722.221,4722.295,4719.893,4721.749,210,280,0
1777043700,4721.691,4722.804,4720.277,4720.277,208,280,0
1777043760,4720.581,4721.519,4719.678,4721.205,202,280,0
1777043820,4721.35,4723.387,4720.879,4722.627,208,280,0
1777043880,4722.524,4722.72,4721.068,4721.551,187,280,0
1777043940,4721.887,4722.439,4720.799,4721.297,164,280,0
1777044000,4721.348,4723.558,4720.777,4723.137,180,280,0
1777044060,4723.381,4724.288,4723.298,4723.931,170,280,0
1777044120,4723.864,4726.322,4723.39,4725.778,182,280,0
1777044180,4725.817,4726.094,4724.451,4725.267,192,280,0
1777044240,4725.211,4725.658,4721.122,4721.657,227,280,0
1777044300,4721.718,4722.631,4718.95,4720.303,248,280,0
1777044360,4720.235,4720.544,4718.717,4718.817,248,280,0
1777044420,4718.791,4720.269,4718.522,4719.703,269,280,0
1777044480,4719.742,4722.733,4719.251,4721.432,217,280,0
1777044540,4721.517,4721.947,4720.731,4721.716,188,280,0
1777044600,4721.782,4724.081,4721.28,4723.28,281,280,0
1777044660,4723.182,4724.417,4723.182,4724.203,185,280,0
1777044720,4724.269,4724.634,4720.107,4720.586,231,280,0
1777044780,4720.61,4721.883,4720.403,4721.201,172,280,0
1777044840,4721.492,4722.07,4718.12,4718.366,211,280,0
1777044900,4718.491,4720.162,4718.082,4718.874,218,280,0
1777044960,4718.869,4720.023,4717.297,4718.403,290,280,0
1777045020,4718.346,4718.751,4717.716,4718.411,231,280,0
1777045080,4718.468,4720.141,4717.333,4719.458,353,280,0
1777045140,4719.387,4720.225,4718.088,4718.638,240,280,0
1777045200,4718.808,4719.842,4718.156,4718.825,200,280,0
1777045260,4718.883,4719.376,4717.752,4718.608,232,280,0
1777045320,4718.666,4719.102,4716.909,4717.234,209,280,0
1777045380,4717.294,4718.324,4716.042,4716.551,201,280,0
1777045440,4716.584,4729.635,4714.483,4727.497,1760,280,0
1777045500,4727.383,4733.238,4726.797,4728.738,1779,280,0
1777045560,4728.678,4732.382,4726.932,4728.034,1119,280,0
1777045620,4728.245,4731.285,4726.662,4726.662,669,280,0
1777045680,4726.766,4728.945,4725.071,4725.323,518,280,0
1777045740,4725.105,4727.061,4723.847,4723.847,400,280,0
1777045800,4723.908,4730.456,4723.908,4729.093,530,280,0
1777045860,4729.021,4729.266,4724.183,4724.675,447,280,0
1777045920,4724.608,4728.509,4723.965,4727.489,410,280,0
1777045980,4727.553,4730.07,4727.201,4727.978,314,280,0
1777046040,4727.92,4729.63,4727.768,4729.015,256,280,0
1777046100,4729.061,4729.819,4728.037,4729.028,285,280,0
1777046160,4728.902,4729.26,4726.692,4727.767,319,280,0
1777046220,4727.711,4729.393,4726.59,4727.567,305,280,0
1777046280,4727.509,4728.317,4725.487,4725.951,247,280,0
1777046340,4725.894,4727.43,4725.44,4727.046,237,280,0
1777046400,4727.014,4729.666,4726.278,4728.572,331,280,0
1777046460,4728.654,4728.867,4725.74,4725.987,352,280,0
1777046520,4725.851,4727.477,4725.844,4727.051,256,280,0
1777046580,4727.097,4727.097,4723.816,4725.31,289,280,0
1777046640,4725.278,4726.882,4725.126,4725.589,199,280,0
1777046700,4725.76,4726.486,4724.372,4724.685,190,280,0
1777046760,4724.834,4726.379,4724.72,4724.72,205,280,0
1777046820,4724.827,4724.957,4721.981,4722.73,280,280,0
1777046880,4722.666,4723.324,4720.798,4721.819,249,280,0
1777046940,4721.884,4722.379,4720.49,4721.821,225,280,0
1777047000,4721.764,4723.188,4721.095,4721.788,230,280,0
1777047060,4721.731,4723.169,4720.755,4722.512,270,280,0
1777047120,4722.446,4723.717,4721.773,4722.205,171,280,0
1777047180,4722.295,4723.206,4721.275,4723.145,185,280,0
1777047240,4722.978,4723.023,4720.044,4720.379,231,280,0
1777047300,4720.512,4720.698,4718.929,4719.382,277,280,0
1777047360,4719.312,4720.638,4719.312,4720.055,182,280,0
1777047420,4720.116,4720.971,4719.871,4720.71,187,280,0
1777047480,4720.643,4720.93,4719.63,4720.158,159,280,0
1777047540,4720.241,4721.013,4719.557,4720.653,157,280,0
1777047600,4720.642,4722.706,4720.51,4722.659,170,280,0
1777047660,4722.6,4723.04,4722.333,4722.53,104,280,0
1777047720,4722.531,4722.531,4721.0,4721.956,218,280,0
1777047780,4722.07,4724.058,4721.414,4723.211,174,280,0
1777047840,4723.347,4724.39,4722.995,4723.937,150,280,0
1777047900,4723.869,4725.791,4723.746,4724.272,195,280,0
1777047960,4724.183,4725.274,4723.134,4725.011,154,280,0
1777048020,4725.072,4725.561,4724.063,4724.281,145,280,0
1777048080,4724.266,4724.825,4723.954,4724.613,123,280,0
1777048140,4724.645,4724.645,4722.33,4723.248,265,280,0
1777048200,4723.311,4726.583,4723.311,4725.365,425,280,0
1777048260,4725.5,4727.149,4724.767,4725.277,249,280,0
1777048320,4725.189,4725.412,4723.936,4724.002,165,280,0
1777048380,4724.153,4725.924,4723.834,4725.28,169,280,0
1777048440,4725.305,4726.587,4724.383,4725.541,193,280,0
1777048500,4725.676,4725.737,4723.475,4724.034,171,280,0
1777048560,4724.218,4724.647,4723.834,4724.372,118,280,0
1777048620,4724.156,4725.532,4724.156,4725.532,146,280,0
1777048680,4725.473,4725.473,4723.809,4724.322,146,280,0
1777048740,4724.187,4724.844,4723.665,4724.212,148,280,0
1777048800,4723.961,4724.201,4722.997,4723.415,139,280,0
1777048860,4723.633,4724.397,4722.716,4723.088,185,280,0
1777048920,4723.062,4723.077,4719.964,4719.964,227,280,0
1777048980,4720.271,4721.818,4719.069,4721.502,234,280,0
1777049040,4721.347,4722.836,4720.542,4722.36,196,280,0
1777049100,4722.534,4724.314,4722.534,4724.18,173,280,0
1777049160,4724.154,4724.69,4722.596,4723.179,166,280,0
1777049220,4723.359,4723.518,4721.861,4722.281,150,280,0
1777049280,4722.434,4723.335,4722.033,4722.033,139,280,0
1777049340,4722.254,4722.391,4720.521,4721.897,139,280,0
1777049400,4721.816,4723.335,4721.816,4722.419,149,280,0
1777049460,4722.17,4723.509,4721.979,4723.245,162,280,0
1777049520,4723.314,4724.153,4722.901,4723.425,147,280,0
1777049580,4723.297,4724.033,4722.718,4723.116,138,280,0
1777049640,4723.208,4724.782,4723.099,4724.429,133,280,0
1777049700,4724.371,4725.227,4723.943,4723.943,137,280,0
1777049760,4723.884,4724.366,4723.492,4723.97,112,280,0
1777049820,4723.868,4724.686,4723.448,4724.518,105,280,0
1777049880,4724.462,4727.184,4724.462,4726.578,259,280,0
1777049940,4726.565,4727.677,4726.281,4726.505,176,280,0
1777050000,4726.561,4728.803,4726.561,4726.999,188,280,0
1777050060,4727.07,4728.723,4726.985,4728.41,193,280,0
1777050120,4728.483,4729.854,4728.286,4728.632,194,280,0
1777050180,4728.694,4729.049,4727.557,4728.113,165,280,0
1777050240,4728.058,4730.011,4726.895,4728.248,311,280,0
1777050300,4728.087,4728.976,4727.506,4727.87,214,280,0
1777050360,4727.934,4727.934,4726.063,4727.37,198,280,0
1777050420,4727.427,4727.816,4725.602,4726.957,170,280,0
1777050480,4726.864,4727.766,4726.292,4727.221,145,280,0
1777050540,4727.165,4728.467,4726.904,4727.528,228,280,0
1777050600,4727.526,4727.762,4726.289,4726.919,176,280,0
1777050660,4726.989,4727.867,4726.596,4727.566,160,280,0
1777050720,4727.297,4727.476,4726.201,4727.153,149,280,0
1777050780,4727.218,4727.407,4726.061,4726.493,150,280,0
1777050840,4726.646,4727.991,4726.339,4727.607,127,280,0
1777050900,4727.618,4727.744,4726.645,4727.146,176,280,0
1777050960,4727.087,4727.894,4725.995,4727.591,179,280,0
1777051020,4727.715,4728.212,4726.755,4727.603,129,280,0
1777051080,4727.669,4728.246,4727.254,4727.592,101,280,0
1777051140,4727.574,4729.331,4727.228,4728.891,149,280,0
1777051200,4728.578,4729.068,4726.397,4726.397,156,280,0
1777051260,4726.217,4726.893,4724.413,4724.733,133,280,0
1777051320,4724.618,4724.93,4723.187,4723.454,176,280,0
1777051380,4723.392,4724.216,4723.066,4723.197,170,280,0
1777051440,4723.256,4726.679,4723.204,4726.477,264,280,0
1777051500,4726.528,4727.222,4725.909,4727.102,179,280,0
1777051560,4727.164,4727.868,4725.939,4726.24,136,280,0
1777051620,4725.983,4726.989,4725.714,4726.483,132,280,0
1777051680,4726.36,4726.776,4725.224,4725.698,145,280,0
1777051740,4725.522,4725.889,4722.382,4723.003,270,280,0
1777051800,4722.932,4723.496,4720.351,4721.414,330,280,0
1777051860,4721.354,4721.889,4719.656,4719.904,312,280,0
1777051920,4720.023,4720.598,4719.487,4720.329,208,280,0
1777051980,4720.397,4720.643,4719.597,4719.794,177,280,0
1777052040,4720.008,4721.174,4718.911,4720.945,203,280,0
1777052100,4720.722,4723.01,4720.668,4722.496,241,280,0
1777052160,4722.568,4725.116,4721.869,4724.32,163,280,0
1777052220,4724.386,4725.419,4723.461,4723.725,162,280,0
1777052280,4723.617,4723.729,4722.409,4722.791,126,280,0
1777052340,4722.838,4722.958,4721.104,4721.844,163,280,0
1777052400,4721.888,4722.835,4721.484,4722.353,149,280,0
1777052460,4722.294,4723.225,4721.707,4722.849,134,280,0
1777052520,4722.817,4722.917,4722.24,4722.372,104,280,0
1777052580,4722.34,4723.102,4722.34,4722.516,129,280,0
1777052640,4722.488,4722.873,4721.641,4722.378,111,280,0
1777052700,4722.544,4722.993,4722.142,4722.463,116,280,0
1777052760,4722.386,4722.989,4722.055,4722.444,107,280,0
1777052820,4722.418,4722.419,4721.855,4722.029,94,280,0
1777052880,4721.96,4722.284,4721.289,4722.139,104,280,0
1777052940,4722.015,4722.612,4721.758,4722.013,95,280,0
1777053000,4722.082,4722.741,4721.615,4721.65,95,280,0
1777053060,4721.687,4721.699,4720.5,4720.965,126,280,0
1777053120,4720.905,4722.497,4720.539,4722.451,113,280,0
1777053180,4722.284,4722.787,4721.705,4722.447,99,280,0
1777053240,4722.382,4727.949,4722.313,4724.721,465,280,0
1777053300,4724.858,4726.403,4724.386,4724.401,245,280,0
1777053360,4724.471,4725.456,4724.408,4724.54,128,280,0
1777053420,4724.698,4724.911,4723.859,4723.945,136,280,0
1777053480,4723.888,4724.08,4723.392,4723.619,136,280,0
1777053540,4723.842,4724.088,4723.265,4723.391,111,280,0
1777053600,4723.461,4723.968,4722.352,4722.994,141,280,0
1777053660,4722.926,4724.095,4722.754,4724.095,122,280,0
1777053720,4724.099,4724.772,4723.683,4723.998,101,280,0
1777053780,4723.993,4724.059,4722.669,4722.888,112,280,0
1777053840,4723.041,4723.782,4722.576,4722.631,124,280,0
1777053900,4722.563,4722.563,4720.006,4720.38,134,280,0
1777053960,4720.303,4721.548,4720.025,4721.319,136,280,0
1777054020,4721.377,4721.7,4720.781,4721.497,106,280,0
1777054080,4721.549,4722.572,4721.13,4721.941,113,280,0
1777054140,4721.903,4722.297,4721.535,4722.256,102,280,0
1777054200,4722.237,4723.161,4722.237,4723.061,99,280,0
1777054260,4722.872,4723.065,4722.205,4722.642,96,280,0
1777054320,4722.672,4723.522,4722.672,4723.283,104,280,0
1777054380,4723.351,4724.794,4723.211,4723.42,120,280,0
1777054440,4723.376,4723.722,4722.605,4723.592,86,280,0
1777054500,4723.76,4724.227,4723.55,4723.909,94,280,0
1777054560,4723.967,4724.171,4720.8,4721.33,143,280,0
1777054620,4721.378,4722.392,4720.885,4721.23,126,280,0
1777054680,4721.463,4722.035,4721.076,4721.455,103,280,0
1777054740,4721.511,4721.96,4721.12,4721.143,87,280,0
1777054800,4721.415,4721.761,4720.549,4721.347,118,280,0
1777054860,4721.412,4722.582,4720.672,4721.283,188,280,0
1777054920,4721.342,4721.95,4720.027,4720.158,128,280,0
1777054980,4720.145,4720.913,4719.517,4720.842,114,280,0
1777055040,4720.898,4721.355,4720.561,4721.147,93,280,0
1777055100,4720.869,4721.183,4719.769,4720.514,91,280,0
1777055160,4720.468,4720.599,4719.902,4720.391,95,280,0
1777055220,4720.388,4720.388,4718.058,4718.982,219,280,0
1777055280,4719.037,4719.037,4717.249,4717.644,155,280,0
1777055340,4717.704,4718.662,4716.904,4717.151,118,280,0
1777055400,4716.908,4717.831,4716.783,4717.055,114,280,0
1777055460,4717.165,4718.437,4716.853,4718.291,94,280,0
1777055520,4718.35,4720.419,4718.028,4719.583,128,280,0
1777055580,4719.613,4719.673,4718.739,4718.83,94,280,0
1777055640,4718.798,4720.002,4718.787,4719.492,100,280,0
1777055700,4719.699,4720.124,4719.118,4719.203,93,280,0
1777055760,4719.145,4719.696,4718.516,4719.161,149,280,0
1777055820,4719.244,4719.489,4718.698,4719.31,76,280,0
1777055880,4719.313,4720.509,4719.065,4720.216,92,280,0
1777055940,4720.261,4720.343,4719.308,4719.896,102,280,0
1777056000,4719.732,4720.283,4719.394,4720.154,94,280,0
1777056060,4720.168,4720.332,4719.847,4719.944,63,280,0
1777056120,4719.982,4720.199,4718.756,4719.017,75,280,0
1777056180,4719.075,4719.194,4717.907,4718.304,84,280,0
1777056240,4718.373,4718.89,4718.027,4718.832,97,280,0
1777056300,4718.913,4718.981,4717.806,4717.99,106,280,0
1777056360,4717.994,4718.391,4717.614,4718.321,90,280,0
1777056420,4718.088,4719.797,4717.98,4719.38,120,280,0
1777056480,4719.519,4719.59,4718.828,4719.106,101,280,0
1777056540,4719.079,4719.51,4718.335,4718.516,82,280,0
1777056600,4718.684,4719.453,4718.181,4719.175,135,280,0
1777056660,4719.419,4719.529,4718.706,4719.27,99,280,0
1777056720,4718.997,4720.935,4718.997,4720.408,124,280,0
1777056780,4720.659,4720.992,4720.143,4720.316,90,280,0
1777056840,4720.449,4720.641,4719.982,4719.999,96,280,0
1777056900,4719.938,4720.718,4719.712,4720.685,126,280,0
1777056960,4720.748,4721.448,4720.23,4721.448,96,280,0
1777057020,4721.22,4722.096,4721.079,4721.954,133,280,0
1777057080,4722.103,4723.243,4721.872,4722.99,123,280,0
1777057140,4722.928,4723.094,4722.073,4722.514,129,280,0
1777057200,4722.572,4723.184,4721.459,4721.665,149,280,0
1777057260,4721.805,4722.773,4721.677,4722.773,116,280,0
1777057320,4722.861,4725.28,4722.716,4725.28,138,280,0
1777057380,4725.418,4726.012,4723.39,4723.571,133,280,0
1777057440,4723.515,4724.243,4723.026,4723.324,128,280,0
1777057500,4723.266,4723.979,4722.518,4722.913,140,280,0
1777057560,4722.878,4723.273,4722.727,4723.156,82,280,0
1777057620,4723.059,4723.133,4722.551,4723.07,82,280,0
1777057680,4723.008,4724.221,4722.89,4723.158,124,280,0
1777057740,4723.122,4723.5,4722.027,4722.045,91,280,0
1777057800,4722.267,4722.28,4721.3,4721.773,119,280,0
1777057860,4721.832,4722.064,4720.977,4721.525,111,280,0
1777057920,4721.626,4721.936,4720.923,4721.88,84,280,0
1777057980,4722.206,4722.88,4721.285,4722.53,135,280,0
1777058040,4722.636,4722.796,4721.847,4722.309,82,280,0
1777058100,4722.259,4723.318,4722.196,4722.641,88,280,0
1777058160,4722.525,4722.727,4721.42,4722.064,103,280,0
1777058220,4722.072,4722.269,4721.232,4721.292,95,280,0
1777058280,4721.352,4721.597,4720.005,4720.701,115,280,0
1777058340,4720.575,4721.681,4720.371,4721.032,100,280,0
1777058400,4721.029,4721.081,4720.286,4720.572,100,280,0
1777058460,4720.508,4720.759,4719.728,4719.897,117,280,0
1777058520,4719.857,4720.077,4719.099,4719.664,115,280,0
1777058580,4719.705,4719.705,4717.975,4718.328,101,280,0
1777058640,4718.323,4718.323,4717.41,4717.967,104,280,0
1777058700,4717.908,4718.926,4717.731,4718.149,120,280,0
1777058760,4718.205,4718.741,4717.585,4718.006,112,280,0
1777058820,4717.993,4718.601,4717.484,4718.068,122,280,0
1777058880,4718.013,4718.82,4717.711,4718.441,99,280,0
1777058940,4718.432,4719.095,4718.368,4718.881,101,280,0
1777059000,4718.822,4719.545,4718.738,4719.176,120,280,0
1777059060,4719.231,4720.304,4718.855,4720.26,125,280,0
1777059120,4720.08,4720.587,4719.52,4719.749,102,280,0
1777059180,4719.685,4720.005,4719.38,4719.601,88,280,0
1777059240,4719.595,4719.595,4718.217,4718.325,91,280,0
1777059300,4718.315,4718.315,4717.211,4717.87,118,280,0
1777059360,4717.936,4718.554,4717.717,4717.985,117,280,0
1777059420,4717.913,4718.185,4717.66,4718.001,85,308,0
1777059480,4717.954,4718.083,4715.796,4716.401,112,280,0
1777059540,4716.347,4717.487,4716.031,4717.386,114,280,0
1777059600,4717.21,4717.652,4716.253,4717.106,132,280,0
1777059660,4717.306,4717.815,4716.038,4716.549,107,280,0
1777059720,4716.455,4716.747,4715.997,4716.313,93,280,0
1777059780,4716.32,4716.529,4715.907,4716.367,98,280,0
1777059840,4716.386,4716.773,4716.343,4716.751,98,280,0
1777059900,4716.754,4717.697,4715.991,4717.369,156,280,0
1777059960,4717.368,4717.809,4716.751,4717.233,105,280,0
1777060020,4717.169,4718.377,4716.919,4718.164,113,280,0
1777060080,4718.051,4718.301,4716.717,4716.752,100,280,0
1777060140,4716.535,4716.814,4715.593,4716.2,104,280,0
1777060200,4716.33,4717.386,4715.965,4716.648,151,280,0
1777060260,4716.471,4716.669,4715.786,4716.429,139,280,0
1777060320,4716.344,4717.165,4716.005,4716.201,114,280,0
1777060380,4716.236,4717.361,4715.826,4716.861,127,280,0
1777060440,4716.921,4717.175,4716.282,4716.805,126,280,0
1777060500,4716.79,4716.832,4715.011,4715.237,171,280,0
1777060560,4715.341,4715.341,4713.589,4714.484,126,280,0
1777060620,4714.541,4715.643,4714.226,4715.236,105,280,0
1777060680,4714.989,4716.96,4714.933,4716.729,172,280,0
1777060740,4716.832,4717.665,4716.279,4716.572,210,280,0
1777060800,4716.527,4717.438,4715.21,4716.161,173,280,0
1777060860,4716.215,4716.457,4712.844,4713.613,116,280,0
1777060920,4713.676,4713.92,4711.682,4712.861,135,280,0
1777060980,4712.866,4712.866,4711.425,4712.796,121,280,0
1777061040,4712.768,4712.769,4710.854,4711.448,110,280,0
1777061100,4711.402,4712.287,4711.006,4712.287,86,280,0
1777061160,4712.078,4712.343,4710.887,4711.739,93,280,0
1777061220,4711.714,4711.714,4709.645,4710.661,162,280,0
1777061280,4710.733,4710.975,4709.437,4709.606,91,280,0
1777061340,4709.648,4709.655,4708.699,4709.246,86,280,0
1777061400,4709.246,4710.411,4708.801,4708.801,121,280,0
1777061460,4708.9,4708.963,4706.68,4707.329,126,280,0
1777061520,4707.326,4708.934,4706.998,4708.521,81,280,0
1777061580,4708.593,4708.593,4706.89,4707.125,77,280,0
1777061640,4707.08,4707.08,4705.339,4706.822,137,280,0
1777061700,4706.751,4707.621,4705.928,4706.169,110,280,0
1777061760,4705.988,4707.334,4705.702,4707.128,78,280,0
1777061820,4707.128,4707.471,4706.952,4707.418,60,280,0
1777061880,4707.4,4707.4,4705.836,4705.914,80,280,0
1777061940,4705.794,4706.246,4705.301,4706.102,47,280,0
1777062000,4706.098,4706.522,4705.682,4706.185,68,280,0
1777062060,4706.185,4706.967,4705.715,4706.967,93,280,0
1777062120,4706.99,4707.68,4706.99,4707.572,79,280,0
1777062180,4707.477,4708.068,4706.395,4707.888,90,280,0
1777062240,4707.761,4708.083,4706.867,4707.404,103,280,0
1777062300,4707.344,4707.842,4706.097,4707.842,107,280,0
1777062360,4707.682,4709.372,4706.961,4706.961,140,280,0
1777062420,4707.027,4708.809,4706.931,4708.031,80,280,0
1777062480,4708.091,4708.446,4707.785,4708.203,65,280,0
1777062540,4708.184,4708.848,4707.766,4708.152,84,280,0
1777062600,4707.992,4708.688,4707.034,4707.049,68,280,0
1777062660,4707.373,4707.629,4706.955,4707.439,65,280,0
1777062720,4707.46,4707.8,4706.973,4707.444,79,280,0
1777062780,4707.468,4707.923,4707.329,4707.615,64,280,0
1777062840,4707.605,4707.605,4705.492,4705.606,87,280,0
1777062900,4705.67,4707.03,4705.247,4706.789,88,280,0
1777062960,4706.699,4708.495,4706.231,4708.46,84,280,0
1777063020,4708.461,4708.629,4707.665,4708.108,66,280,0
1777063080,4708.189,4708.38,4707.353,4707.353,77,280,0
1777063140,4707.555,4708.165,4706.631,4707.263,85,280,0
1777063200,4707.319,4707.447,4706.495,4707.447,73,280,0
1777063260,4707.419,4707.677,4706.686,4706.844,85,280,0
1777063320,4706.843,4706.98,4706.356,4706.672,63,280,0
1777063380,4706.686,4706.686,4705.455,4705.793,55,280,0
1777063440,4705.676,4707.659,4705.557,4707.348,103,280,0
1777063500,4707.308,4707.904,4706.85,4707.15,88,280,0
1777063560,4707.092,4708.67,4706.947,4707.877,103,280,0
1777063620,4707.969,4708.002,4707.211,4707.866,69,308,0
1777063680,4707.927,4708.895,4707.616,4708.58,83,280,0
1777063740,4708.449,4708.481,4706.663,4707.088,110,280,0
1777063800,4707.116,4709.245,4706.662,4707.865,160,280,0
1777063860,4707.946,4708.886,4707.855,4708.669,106,280,0
1777063920,4708.709,4708.709,4707.816,4708.554,68,280,0
1777063980,4708.369,4708.76,4706.675,4707.904,108,280,0
1777064040,4708.021,4708.198,4707.42,4707.98,88,280,0
1777064100,4708.037,4708.229,4706.994,4707.306,106,360,0
1777064160,4707.514,4707.746,4707.008,4707.255,83,360,0
1777064220,4707.482,4709.15,4706.77,4708.409,147,360,0
